2338,OlaSpr,0
1528,OlaSpr,5
1511,OlaSpr,4
1522,JeanieFre,2
1515,JeanieFre,1
1510,JeanieFre,2
2374,HoseaBob,4
2368,HoseaBob,0
1531,HoseaBob,1
2362,RimaMah,4
2374,RimaMah,0
1537,RimaMah,5
1530,MalkaMca,4
1514,MalkaMca,0
1515,MalkaMca,1
1545,MeliaHan,5
2347,MeliaHan,3
2353,MeliaHan,3
1548,RichelleSar,2
1546,RichelleSar,0
2342,RichelleSar,4
1546,MignonNar,2
1530,MignonNar,0
1510,MignonNar,3
2369,KristeenMut,4
1523,KristeenMut,5
1533,KristeenMut,1
1507,NatalyaBre,1
2345,NatalyaBre,1
1530,NatalyaBre,5
1529,VioletteCou,2
2364,VioletteCou,4
2356,VioletteCou,0
1506,AbramMcc,4
2372,AbramMcc,1
1534,AbramMcc,1
1511,SheryllHan,0
2369,SheryllHan,0
1545,SheryllHan,5
1534,JettaBru,1
1535,JettaBru,5
2361,JettaBru,5
1534,AnglaDan,4
2368,AnglaDan,2
1506,AnglaDan,2
2366,TrinhLan,2
2340,TrinhLan,2
2372,TrinhLan,0
2345,SergioPul,0
1506,SergioPul,3
2365,SergioPul,4
1539,JennyMol,2
2351,JennyMol,4
2366,JennyMol,5
1536,StevieWhi,4
2374,StevieWhi,2
1535,StevieWhi,3
1538,CaraLao,1
1511,CaraLao,3
2351,CaraLao,5
2351,HelgaTel,0
1533,HelgaTel,3
1524,HelgaTel,4
2334,JolynAus,3
1530,JolynAus,4
1545,JolynAus,1
1541,YoshieMil,3
1506,YoshieMil,0
2354,YoshieMil,1
2370,HildegardeMal,1
2340,HildegardeMal,4
2361,HildegardeMal,0
1509,SherleneVer,5
2367,SherleneVer,5
1536,SherleneVer,1
2347,LuciusDec,4
1509,LuciusDec,4
1531,LuciusDec,2
1538,TatyanaFur,4
2359,TatyanaFur,1
1506,TatyanaFur,5
2345,KarrenLas,1
2338,KarrenLas,1
2335,KarrenLas,5
2343,RossanaHur,4
2362,RossanaHur,5
2335,RossanaHur,4
2365,JeannineAgu,1
1531,JeannineAgu,4
1512,JeannineAgu,4
1539,RubenBal,0
2337,RubenBal,5
2338,RubenBal,2
2362,LouettaRos,5
1514,LouettaRos,0
1536,LouettaRos,3
2346,LouiseBus,2
1529,LouiseBus,2
2375,LouiseBus,1
2346,YvonneNor,3
1550,YvonneNor,0
2372,YvonneNor,0
2336,SueannUts,5
2370,SueannUts,4
1512,SueannUts,0
1533,WmCas,5
2370,WmCas,2
2370,WmCas,2
1550,SeanWes,5
1516,SeanWes,1
1545,SeanWes,1
2346,HiediGri,4
2353,HiediGri,1
1523,HiediGri,4
1526,AliaRea,4
2363,AliaRea,5
2365,AliaRea,4
1526,LynnaSid,5
1536,LynnaSid,3
2342,LynnaSid,4
2373,AlejandraHer,1
2358,AlejandraHer,5
1515,AlejandraHer,3
2342,NaomaCob,4
1544,NaomaCob,2
2358,NaomaCob,2
2375,JaneeLay,5
1515,JaneeLay,2
1519,JaneeLay,1
1538,YolandeGoi,0
1508,YolandeGoi,2
2338,YolandeGoi,0
1534,TobieCra,5
2348,TobieCra,2
1539,TobieCra,2
2360,TomasaOqu,3
2376,TomasaOqu,4
2360,TomasaOqu,5
2346,LaylaGre,5
2367,LaylaGre,0
1543,LaylaGre,3
2337,ClarindaHer,4
2342,ClarindaHer,4
1508,ClarindaHer,5
2366,RicardaRou,0
2374,RicardaRou,4
2357,RicardaRou,3
1544,DelfinaMck,0
1546,DelfinaMck,0
1539,DelfinaMck,4
1518,ShavonneEng,0
2351,ShavonneEng,5
1545,ShavonneEng,0
2343,AbelSuy,2
2364,AbelSuy,2
2356,AbelSuy,3
2364,GloryPer,5
1546,GloryPer,4
2352,GloryPer,4
1543,NelsonGro,5
2371,NelsonGro,2
1520,NelsonGro,1
1539,AudreaSho,5
2341,AudreaSho,2
2348,AudreaSho,2
2360,ObduliaDeh,3
1544,ObduliaDeh,3
2369,ObduliaDeh,0
2342,KiraTet,3
1528,KiraTet,4
1540,KiraTet,1
1522,NgaGre,0
2366,NgaGre,4
1527,NgaGre,3
1512,GeorgettaTup,1
1546,GeorgettaTup,0
1526,GeorgettaTup,0
1528,ElenorBoy,5
1508,ElenorBoy,5
2376,ElenorBoy,5
1543,StephanyAhl,5
1534,StephanyAhl,5
2349,StephanyAhl,1
1513,TomikaAdc,2
2355,TomikaAdc,4
2370,TomikaAdc,4
1539,ChaeBos,3
1514,ChaeBos,5
2371,ChaeBos,0
2345,JanyceBon,1
1533,JanyceBon,1
1509,JanyceBon,2
1539,ArturoCha,3
1535,ArturoCha,4
2354,ArturoCha,5
2350,IrisBas,4
1512,IrisBas,0
1508,IrisBas,2
2358,JongChe,1
1531,JongChe,2
2363,JongChe,3
2340,RiaBem,2
2364,RiaBem,5
1506,RiaBem,0
1516,CoraleeWad,0
2338,CoraleeWad,1
2344,CoraleeWad,2
1529,KristineSol,1
1516,KristineSol,5
2371,KristineSol,0
1545,VernitaJur,1
2345,VernitaJur,4
1510,VernitaJur,4
2346,RaisaHan,1
1521,RaisaHan,5
1550,RaisaHan,4
2345,SandyDed,5
2351,SandyDed,0
2359,SandyDed,2
2342,BeckiTan,1
1529,BeckiTan,1
1512,BeckiTan,4
2369,RollandSee,4
1512,RollandSee,2
1536,RollandSee,5
2363,PortiaRid,0
1533,PortiaRid,5
2371,PortiaRid,0
2373,SimoneCoy,2
1515,SimoneCoy,4
1530,SimoneCoy,2
2357,MargueritaDra,3
2352,MargueritaDra,2
1516,MargueritaDra,4
2361,ShadAlv,1
2350,ShadAlv,4
1549,ShadAlv,3
1541,MittieSpa,2
2371,MittieSpa,2
2337,MittieSpa,0
1519,DeshawnRad,4
2351,DeshawnRad,2
1537,DeshawnRad,5
2357,KiaHil,3
2357,KiaHil,2
1511,KiaHil,3
1528,PedroClo,4
2371,PedroClo,2
2337,PedroClo,1
2335,LeilaniQui,1
2350,LeilaniQui,4
2372,LeilaniQui,5
1545,EvelineLow,1
2348,EvelineLow,2
1522,EvelineLow,2
1538,GeorgeannaPob,1
2351,GeorgeannaPob,3
1520,GeorgeannaPob,5
2338,LucasStr,3
1512,LucasStr,1
1527,LucasStr,2
1515,RenayBor,0
1521,RenayBor,1
2371,RenayBor,0
2338,KamalaBro,2
2342,KamalaBro,5
2369,KamalaBro,1
2370,FaustinoTol,3
1523,FaustinoTol,4
2354,FaustinoTol,1
1525,LennaTro,3
2361,LennaTro,2
1539,LennaTro,4
2342,CassondraNat,1
1532,CassondraNat,4
1521,CassondraNat,0
1537,RenateMar,4
2339,RenateMar,5
1540,RenateMar,4
1540,KalynBal,0
2345,KalynBal,4
1512,KalynBal,5
2355,MikaelaBob,1
1519,MikaelaBob,2
2349,MikaelaBob,1
2366,LaceyNak,0
1524,LaceyNak,4
1549,LaceyNak,2
2354,RicoHie,5
1534,RicoHie,0
1524,RicoHie,5
2351,ReannaGip,0
1506,ReannaGip,0
1532,ReannaGip,5
2351,BeckyLan,4
2358,BeckyLan,4
1544,BeckyLan,1
2340,ZolaPri,3
1527,ZolaPri,3
1533,ZolaPri,1
1520,JeroldRon,2
1526,JeroldRon,5
1523,JeroldRon,1
1521,JefferySte,2
2369,JefferySte,5
1536,JefferySte,3
2360,LynwoodDar,5
1542,LynwoodDar,0
2365,LynwoodDar,0
2344,EllsworthHol,0
2365,EllsworthHol,5
1533,EllsworthHol,3
2340,CarenHig,4
2357,CarenHig,5
1522,CarenHig,1
1549,BeulahBea,5
2346,BeulahBea,2
1524,BeulahBea,1
2368,CarollPri,0
2372,CarollPri,2
2375,CarollPri,4
1538,FloranceRua,4
1517,FloranceRua,4
1533,FloranceRua,0
2356,TerrilynBra,4
1527,TerrilynBra,3
2347,TerrilynBra,3
1534,KimberleeMag,2
1509,KimberleeMag,5
2341,KimberleeMag,1
1544,CarolannKen,2
2341,CarolannKen,0
2357,CarolannKen,1
1546,MohammedOma,3
2359,MohammedOma,0
1539,MohammedOma,0
2338,TammeraKin,1
1528,TammeraKin,2
1519,TammeraKin,4
1523,WinfredNat,2
1530,WinfredNat,0
1516,WinfredNat,4
2355,ChinRak,2
2347,ChinRak,2
2347,ChinRak,5
2340,EleaseCap,4
2350,EleaseCap,1
2358,EleaseCap,5
2367,OrenBoh,3
1509,OrenBoh,3
2364,OrenBoh,1
2364,ClevelandLee,4
1516,ClevelandLee,4
2373,ClevelandLee,1
1507,InocenciaBay,5
2336,InocenciaBay,2
2354,InocenciaBay,5
1512,PorscheBor,1
2355,PorscheBor,3
1523,PorscheBor,0
2369,SavannahLar,1
1529,SavannahLar,4
2360,SavannahLar,4
1537,SalenaArg,0
1546,SalenaArg,4
1535,SalenaArg,5
2353,JerriAll,3
2375,JerriAll,1
2362,JerriAll,0
2335,BillieMcg,0
1514,BillieMcg,3
1523,BillieMcg,1
2361,LoreenStr,0
1526,LoreenStr,1
1514,LoreenStr,5
2358,VonZwa,3
2361,VonZwa,4
2366,VonZwa,5
2373,SusieWil,4
2354,SusieWil,2
2347,SusieWil,1
1524,AlexiaJef,4
1529,AlexiaJef,5
2351,AlexiaJef,5
1519,GlenGay,4
2347,GlenGay,1
1514,GlenGay,3
1526,ArdellMar,1
1523,ArdellMar,2
2343,ArdellMar,0
1516,HildredFle,5
1537,HildredFle,1
2337,HildredFle,0
1545,SherleyOte,1
2372,SherleyOte,4
2348,SherleyOte,0
2374,AmbroseMar,4
1538,AmbroseMar,4
2372,AmbroseMar,5
1537,JonCra,2
2336,JonCra,5
2376,JonCra,0
2358,BronwynKni,4
1515,BronwynKni,3
1538,BronwynKni,2
2353,HirokoThe,1
2367,HirokoThe,0
1543,HirokoThe,1
1519,SandraPye,3
1525,SandraPye,4
1510,SandraPye,2
1526,FelisaWeh,2
1509,FelisaWeh,5
1522,FelisaWeh,2
2364,LorileeTex,4
2371,LorileeTex,1
2363,LorileeTex,5
2372,ShaquitaMcg,0
1512,ShaquitaMcg,4
2374,ShaquitaMcg,5
1547,AkikoMon,0
2349,AkikoMon,1
2349,AkikoMon,4
2367,CoreyAhl,1
1515,CoreyAhl,4
2355,CoreyAhl,4
1514,DebraLen,4
1538,DebraLen,1
1537,DebraLen,4
1537,AidaKam,3
2372,AidaKam,0
2368,AidaKam,0
2362,GrettaLen,4
2354,GrettaLen,3
2342,GrettaLen,5
1521,CourtneyRor,1
2363,CourtneyRor,3
2363,CourtneyRor,2
2355,EsmeraldaMen,0
1520,EsmeraldaMen,0
2372,EsmeraldaMen,1
1547,RuthieShe,4
1520,RuthieShe,2
2369,RuthieShe,5
2339,StaciaRos,3
1540,StaciaRos,0
2371,StaciaRos,2
2340,OmegaBea,1
2365,OmegaBea,5
1537,OmegaBea,2
1511,UnaKuz,4
2350,UnaKuz,2
1537,UnaKuz,3
1508,BreeSwo,3
2371,BreeSwo,3
1528,BreeSwo,0
1516,KaranDis,3
1516,KaranDis,4
2372,KaranDis,2
2342,JulianaLue,1
2338,JulianaLue,4
2376,JulianaLue,2
2355,TrulaBoi,2
2337,TrulaBoi,0
1524,TrulaBoi,4
1525,LoreneClo,2
2345,LoreneClo,1
2369,LoreneClo,0
2338,BookerHau,0
1541,BookerHau,2
1524,BookerHau,5
1545,LashawndaWer,0
2375,LashawndaWer,4
2373,LashawndaWer,5
2360,EricaMof,0
1508,EricaMof,4
1546,EricaMof,3
2355,ChiaDun,5
1515,ChiaDun,4
2370,ChiaDun,4
1512,JessieArc,1
2366,JessieArc,5
1507,JessieArc,3
2352,LetaGra,1
1516,LetaGra,0
2371,LetaGra,1
2375,VannaHo,3
1514,VannaHo,4
1514,VannaHo,2
1546,MarianaMce,3
2370,MarianaMce,2
1546,MarianaMce,0
1536,KasiBla,4
1540,KasiBla,1
1514,KasiBla,1
2356,ChristinHey,3
2370,ChristinHey,3
1512,ChristinHey,0
2364,NetaSel,2
2349,NetaSel,5
1518,NetaSel,0
2349,TainaSch,5
2361,TainaSch,5
1549,TainaSch,1
2366,LissaVor,4
1541,LissaVor,2
1549,LissaVor,5
2345,EldaSer,5
2372,EldaSer,3
1509,EldaSer,4
2370,LynwoodBar,0
1506,LynwoodBar,5
2358,LynwoodBar,0
1549,KarlRed,1
1507,KarlRed,3
2334,KarlRed,1
2349,LyndaLan,3
1532,LyndaLan,1
1514,LyndaLan,4
2345,MyeshaBec,5
2364,MyeshaBec,4
1538,MyeshaBec,2
2346,AnglaMak,2
1537,AnglaMak,5
2362,AnglaMak,4
1533,CorinnePor,2
2370,CorinnePor,2
2364,CorinnePor,3
2371,SantaKai,1
1506,SantaKai,3
2370,SantaKai,3
2370,ClemenciaBur,2
1536,ClemenciaBur,3
2367,ClemenciaBur,2
1535,HankBal,0
2335,HankBal,5
2363,HankBal,0
2366,LeidaMor,5
2350,LeidaMor,2
1516,LeidaMor,5
1510,LoreenLun,5
2357,LoreenLun,3
1545,LoreenLun,4
2342,AthenaSel,5
2371,AthenaSel,5
2368,AthenaSel,1
2342,MercyDep,3
2340,MercyDep,3
2368,MercyDep,0
2359,JeanettOde,5
1522,JeanettOde,4
2349,JeanettOde,0
2376,DinahSha,5
1513,DinahSha,0
1534,DinahSha,0
1546,JongPia,4
2353,JongPia,2
2372,JongPia,4
1519,RenaStr,5
2337,RenaStr,0
1537,RenaStr,3
2366,LennieNeu,1
2370,LennieNeu,5
1519,LennieNeu,5
2345,NatividadGai,1
1544,NatividadGai,1
1538,NatividadGai,4
1531,RevaVil,2
1525,RevaVil,0
2336,RevaVil,2
1541,UlaShi,4
2370,UlaShi,3
1550,UlaShi,5
2344,MargaretaBla,1
2363,MargaretaBla,0
2355,MargaretaBla,5
1514,RogelioMon,1
2342,RogelioMon,1
2354,RogelioMon,1
2353,DanielleFer,5
2338,DanielleFer,5
1545,DanielleFer,1
1537,ChristiniaDuh,3
1544,ChristiniaDuh,2
1544,ChristiniaDuh,3
1518,KevinHos,3
2351,KevinHos,4
1545,KevinHos,5
2360,LauranFel,0
2352,LauranFel,5
2360,LauranFel,2
2370,JoellaSca,0
1507,JoellaSca,1
2339,JoellaSca,1
1546,WoodrowRui,4
1522,WoodrowRui,2
2358,WoodrowRui,5
2357,ElvieLou,1
2361,ElvieLou,1
1542,ElvieLou,4
2366,ElmiraChu,1
2344,ElmiraChu,4
1520,ElmiraChu,1
1535,ChadwickBro,4
2354,ChadwickBro,2
2364,ChadwickBro,4
2361,AudraHsu,0
2346,AudraHsu,4
1538,AudraHsu,3
2350,BetsyDic,3
1517,BetsyDic,2
2348,BetsyDic,1
2366,EricaFin,5
1516,EricaFin,2
2352,EricaFin,4
1508,MyungMad,2
2357,MyungMad,4
2340,MyungMad,3
2371,IleneTem,5
1517,IleneTem,4
2341,IleneTem,5
1512,OmaGri,0
1541,OmaGri,2
1539,OmaGri,0
2368,KendalEsc,5
2348,KendalEsc,0
2369,KendalEsc,2
2341,MalorieWei,1
1510,MalorieWei,0
1545,MalorieWei,5
2362,FernandaBea,3
2342,FernandaBea,5
2345,FernandaBea,2
2349,FredricFor,5
1542,FredricFor,1
1542,FredricFor,4
2360,BernadetteFil,0
2365,BernadetteFil,5
2338,BernadetteFil,4
1547,StevenAfa,1
1511,StevenAfa,5
2359,StevenAfa,2
2348,TomasaSid,0
2361,TomasaSid,3
2351,TomasaSid,3
1511,DanteRep,0
2352,DanteRep,3
2338,DanteRep,0
2369,MaymeCas,3
2350,MaymeCas,3
2365,MaymeCas,0
1542,KennaTal,3
2376,KennaTal,0
2360,KennaTal,0
1522,CordieDie,4
1515,CordieDie,2
1536,CordieDie,4
2372,DoreenNeg,0
2369,DoreenNeg,4
1515,DoreenNeg,4
1508,RamonVaz,5
2335,RamonVaz,4
2345,RamonVaz,5
2353,MarcelleRoe,3
2357,MarcelleRoe,3
2369,MarcelleRoe,5
1538,SoniaGad,3
1534,SoniaGad,1
2336,SoniaGad,0
2364,StephaniaCan,1
1529,StephaniaCan,3
2347,StephaniaCan,2
1514,BrittnyAng,4
1527,BrittnyAng,5
2337,BrittnyAng,2
2367,BrigidaEhr,2
1530,BrigidaEhr,5
1508,BrigidaEhr,0
2363,DominqueNus,0
2345,DominqueNus,5
1516,DominqueNus,4
1532,TanishaHam,5
1522,TanishaHam,0
2347,TanishaHam,2
1539,KarinaPor,1
1545,KarinaPor,5
2334,KarinaPor,5
2364,MaryleeKim,5
1533,MaryleeKim,4
1536,MaryleeKim,3
1510,TyishaCan,4
1521,TyishaCan,2
2341,TyishaCan,2
2351,MiraTow,1
2351,MiraTow,5
1527,MiraTow,0
2342,LunaHar,4
1535,LunaHar,4
2337,LunaHar,2
2360,HoneyLan,5
2359,HoneyLan,3
1524,HoneyLan,0
2369,MavisSho,0
1542,MavisSho,5
2360,MavisSho,2
2353,CarmanWei,4
2346,CarmanWei,2
1516,CarmanWei,1
2365,JoanWal,5
1543,JoanWal,4
1542,JoanWal,3
1514,CarolyneShe,1
1523,CarolyneShe,1
2358,CarolyneShe,4
2338,LatoniaMa,2
2370,LatoniaMa,2
1509,LatoniaMa,2
2373,YokoDun,1
1549,YokoDun,1
2360,YokoDun,5
1510,NaPol,2
2354,NaPol,5
1519,NaPol,2
2336,PhillisTur,2
1532,PhillisTur,5
2338,PhillisTur,4
1529,MarcyRin,0
2357,MarcyRin,3
1547,MarcyRin,5
1549,KathieZep,3
1533,KathieZep,1
1513,KathieZep,4
2353,RaeannCha,0
1535,RaeannCha,4
2346,RaeannCha,1
2342,GenovevaAga,5
1543,GenovevaAga,1
2375,GenovevaAga,3
2342,LuigiMar,5
1506,LuigiMar,4
1526,LuigiMar,4
1533,SindyBor,5
1549,SindyBor,0
2365,SindyBor,4
1545,LorrieNos,0
2351,LorrieNos,3
1538,LorrieNos,4
2372,RayfordRis,0
1514,RayfordRis,5
2351,RayfordRis,4
2373,AlleenBon,0
1514,AlleenBon,4
1532,AlleenBon,4
2367,IlanaRob,1
2345,IlanaRob,4
2356,IlanaRob,3
1519,AdolfoWol,1
2371,AdolfoWol,2
1535,AdolfoWol,3
2346,EulahDam,5
1541,EulahDam,4
1544,EulahDam,0
2370,TanekaTig,5
2340,TanekaTig,5
1545,TanekaTig,5
1516,GarnettWet,2
2338,GarnettWet,0
2340,GarnettWet,3
1510,GinoPre,3
2346,GinoPre,0
1528,GinoPre,1
2369,BernardoKoo,0
1546,BernardoKoo,0
1534,BernardoKoo,1
2363,JoanieCon,0
1521,JoanieCon,4
2370,JoanieCon,2
1518,JunkoFun,3
1509,JunkoFun,3
1531,JunkoFun,1
1507,CoreyCur,5
2345,CoreyCur,3
1530,CoreyCur,2
1532,LonMan,0
2336,LonMan,0
2347,LonMan,1
1519,BradlyDow,3
1527,BradlyDow,1
2365,BradlyDow,4
2346,SangBer,1
1544,SangBer,2
2376,SangBer,0
2369,ErinCli,0
1508,ErinCli,2
2345,ErinCli,0
1509,TomikoBus,0
2360,TomikoBus,2
2336,TomikoBus,3
1544,AlissaSli,0
2356,AlissaSli,1
1529,AlissaSli,0
2372,FranklynNes,5
1508,FranklynNes,1
2369,FranklynNes,5
2349,AlexaDam,3
1546,AlexaDam,5
1516,AlexaDam,1
1535,JeniceCom,0
2338,JeniceCom,4
1527,JeniceCom,2
2361,TwannaLuf,3
1522,TwannaLuf,0
1541,TwannaLuf,1
2345,WalkerBan,3
2338,WalkerBan,1
1549,WalkerBan,1
2335,KarinaJag,1
2359,KarinaJag,5
2366,KarinaJag,5
1506,DannielleWar,5
2342,DannielleWar,0
1526,DannielleWar,2
1531,HedyCar,4
1528,HedyCar,5
1547,HedyCar,3
2358,LoniMah,2
2358,LoniMah,3
1506,LoniMah,0
2358,LibradaHel,3
1521,LibradaHel,1
2361,LibradaHel,0
2350,LarraineDav,5
2374,LarraineDav,4
1522,LarraineDav,0
1519,TulaLyt,0
1528,TulaLyt,4
2355,TulaLyt,3
1522,CleoraHam,2
1521,CleoraHam,4
2366,CleoraHam,1
2336,RobMui,0
1516,RobMui,0
1509,RobMui,2
1542,RussellPta,0
1526,RussellPta,2
1549,RussellPta,3
1538,TameshaSte,2
2347,TameshaSte,5
1512,TameshaSte,4
2351,LucindaWig,4
2362,LucindaWig,1
1542,LucindaWig,0
1545,JeffreyFal,5
2374,JeffreyFal,3
2362,JeffreyFal,3
2366,SoonShr,5
2354,SoonShr,1
2340,SoonShr,5
2338,RomaineCoo,2
1516,RomaineCoo,4
2359,RomaineCoo,2
2354,LailaPor,0
2363,LailaPor,1
2340,LailaPor,1
1542,UlrikeDim,1
2337,UlrikeDim,5
1514,UlrikeDim,1
2345,AlphonseBed,5
1548,AlphonseBed,4
1547,AlphonseBed,2
2340,PalmerHew,5
2363,PalmerHew,4
1520,PalmerHew,5
2353,RufusDie,5
1532,RufusDie,2
1546,RufusDie,2
2371,ConcepcionKoo,5
2343,ConcepcionKoo,4
2375,ConcepcionKoo,2
2369,NickoleHen,3
2338,NickoleHen,4
1514,NickoleHen,4
2340,LeatriceCre,3
2345,LeatriceCre,2
1515,LeatriceCre,3
2340,ArdellaCel,2
1536,ArdellaCel,5
2350,ArdellaCel,0
1538,PierreShe,5
2373,PierreShe,0
2351,PierreShe,1
2349,MaryroseMan,3
1533,MaryroseMan,5
2343,MaryroseMan,3
2347,SimonCar,1
2376,SimonCar,4
1538,SimonCar,3
2352,AllysonRag,5
2360,AllysonRag,4
2366,AllysonRag,5
2370,HaiMel,3
2357,HaiMel,2
1510,HaiMel,4
1536,AraceliSto,0
2362,AraceliSto,0
2335,AraceliSto,5
1534,SylvieVel,0
1527,SylvieVel,4
1531,SylvieVel,1
1509,BenitaWhe,3
1524,BenitaWhe,2
1508,BenitaWhe,0
1526,MitsukoCol,3
1519,MitsukoCol,0
1522,MitsukoCol,4
1523,OscarHop,5
1521,OscarHop,1
1526,OscarHop,5
2342,ShadLar,5
2340,ShadLar,2
2370,ShadLar,2
1540,LayneLac,3
1518,LayneLac,5
2340,LayneLac,0
1514,SolangeMon,5
1529,SolangeMon,5
2367,SolangeMon,4
1509,ChristaPri,4
1531,ChristaPri,1
2370,ChristaPri,1
1516,XiaoHaw,2
1539,XiaoHaw,5
2366,XiaoHaw,5
2354,JeffreyLeo,2
2362,JeffreyLeo,0
2348,JeffreyLeo,4
2347,CorinnaDem,1
2349,CorinnaDem,5
2337,CorinnaDem,0
1549,ArmindaHen,1
2375,ArmindaHen,4
1527,ArmindaHen,0
1522,JuliusBal,0
2361,JuliusBal,3
1533,JuliusBal,0
1525,ArielleFor,2
1508,ArielleFor,1
1545,ArielleFor,1
2355,VenettaMcg,0
2369,VenettaMcg,1
1540,VenettaMcg,5
1519,NoelHet,4
1538,NoelHet,5
2366,NoelHet,5
1512,DemetriceOry,5
2359,DemetriceOry,0
1508,DemetriceOry,4
1545,LolaFav,2
1509,LolaFav,1
1536,LolaFav,2
1518,NikiaCha,2
1535,NikiaCha,0
2345,NikiaCha,0
2336,MeredithVuo,4
2340,MeredithVuo,5
1524,MeredithVuo,2
1543,BellaBon,0
2364,BellaBon,5
2369,BellaBon,2
1536,JolynBet,3
1522,JolynBet,2
2370,JolynBet,3
1536,MelanyMiz,1
1516,MelanyMiz,2
2336,MelanyMiz,2
2343,AnetteGla,0
2341,AnetteGla,2
2367,AnetteGla,1
1543,LaurineMer,1
1519,LaurineMer,2
1526,LaurineMer,4
1509,HermineDev,5
1543,HermineDev,5
2343,HermineDev,0
2371,LawanaMus,0
2345,LawanaMus,4
1509,LawanaMus,1
2343,BettyeSta,4
1524,BettyeSta,0
2375,BettyeSta,1
1536,JoleneSwe,5
2345,JoleneSwe,5
2357,JoleneSwe,3
1511,AlbertVia,1
1544,AlbertVia,5
2354,AlbertVia,0
2355,MauroTse,1
1510,MauroTse,1
1537,MauroTse,0
1512,KhalilahDel,2
1533,KhalilahDel,0
1517,KhalilahDel,2
2345,FidelArg,3
2336,FidelArg,4
2365,FidelArg,3
2371,LanceMar,3
2365,LanceMar,0
1521,LanceMar,1
1532,JaneeRay,5
1544,JaneeRay,0
2340,JaneeRay,5
1523,SolomonMej,5
1530,SolomonMej,3
2365,SolomonMej,4
2341,TitusRou,0
1519,TitusRou,1
2361,TitusRou,2
1537,PriscilaTar,2
2336,PriscilaTar,4
2351,PriscilaTar,2
1548,VeroniqueDow,3
2341,VeroniqueDow,0
1508,VeroniqueDow,4
2355,MaricruzMar,4
2373,MaricruzMar,4
2357,MaricruzMar,0
1532,AleshaSob,1
2375,AleshaSob,4
2356,AleshaSob,1
2352,LonnieMan,3
1522,LonnieMan,4
2370,LonnieMan,4
1519,AdaBan,0
2375,AdaBan,3
1533,AdaBan,3
1528,TrishaEdd,0
2364,TrishaEdd,3
1538,TrishaEdd,1
1536,MiloHug,3
2356,MiloHug,5
1538,MiloHug,5
1508,TonaYan,2
1518,TonaYan,0
2370,TonaYan,5
2364,CraigGur,2
1510,CraigGur,1
1533,CraigGur,4
2368,MadalineCar,4
1512,MadalineCar,5
1522,MadalineCar,2
2376,AdelaideGam,4
1537,AdelaideGam,3
2360,AdelaideGam,2
2364,JulietteOlm,1
1506,JulietteOlm,0
2336,JulietteOlm,5
1531,MardellPec,0
2351,MardellPec,4
2339,MardellPec,3
1514,ShawnaTre,4
2334,ShawnaTre,2
2351,ShawnaTre,4
1543,MaxineIno,4
1512,MaxineIno,2
2343,MaxineIno,1
1531,VikkiBay,3
1514,VikkiBay,1
2372,VikkiBay,3
1545,SheridanStr,2
2369,SheridanStr,0
1519,SheridanStr,3
2338,MarianelaHar,5
2358,MarianelaHar,5
2348,MarianelaHar,0
1515,EdnaOve,1
2355,EdnaOve,0
1533,EdnaOve,1
1536,ShaunnaCia,3
1521,ShaunnaCia,4
2361,ShaunnaCia,2
2370,MoseHub,5
2375,MoseHub,0
1525,MoseHub,5
1543,OlindaFre,4
1519,OlindaFre,4
2375,OlindaFre,5
1510,RetaTho,5
2372,RetaTho,4
1534,RetaTho,0
1506,RobbinDom,3
2341,RobbinDom,5
1532,RobbinDom,3
1528,ForrestApa,5
1520,ForrestApa,2
2366,ForrestApa,4
2367,TracyKet,4
1546,TracyKet,1
2364,TracyKet,4
2374,OdisCha,3
1541,OdisCha,5
2351,OdisCha,5
1536,YasmineVan,3
1534,YasmineVan,4
1540,YasmineVan,4
2335,AdelinaPer,5
1507,AdelinaPer,0
2365,AdelinaPer,3
2351,TerryBal,1
1529,TerryBal,0
1506,TerryBal,4
2357,DelorisOma,1
1550,DelorisOma,3
2340,DelorisOma,5
1511,DebiPfe,3
1525,DebiPfe,1
1513,DebiPfe,0
2346,CarrolLai,2
2376,CarrolLai,4
1533,CarrolLai,4
1547,LeatricePop,3
2357,LeatricePop,3
1526,LeatricePop,4
2355,FlossieHam,0
1513,FlossieHam,5
1545,FlossieHam,3
2344,CandieFlo,2
2359,CandieFlo,0
1538,CandieFlo,1
1519,RooseveltVil,1
2372,RooseveltVil,4
2339,RooseveltVil,0
1536,ReganTed,3
2362,ReganTed,3
1536,ReganTed,4
1518,TakakoGre,4
2375,TakakoGre,3
2370,TakakoGre,0
2340,GenovevaCos,4
1546,GenovevaCos,2
2376,GenovevaCos,0
2357,FannieBai,5
2345,FannieBai,0
2362,FannieBai,2
1525,LucileJay,5
1524,LucileJay,5
2358,LucileJay,4
2361,BelenGuy,0
2353,BelenGuy,5
2346,BelenGuy,1
1510,NickieSpr,0
1531,NickieSpr,4
1536,NickieSpr,1
2341,KaseyYok,0
1545,KaseyYok,2
1517,KaseyYok,1
1516,KierstenDis,3
2372,KierstenDis,5
2335,KierstenDis,1
2364,ClorindaDur,1
2337,ClorindaDur,2
1515,ClorindaDur,3
1534,LianaSab,5
1533,LianaSab,0
2374,LianaSab,3
1528,DustyKau,3
2352,DustyKau,2
1528,DustyKau,1
1529,RichardHoy,4
2351,RichardHoy,2
2374,RichardHoy,4
2376,LareeBoi,0
1533,LareeBoi,0
1526,LareeBoi,3
1526,SharieTho,1
2351,SharieTho,1
2371,SharieTho,3
2345,NevilleBer,1
1547,NevilleBer,0
2361,NevilleBer,3
2368,MeloniePar,2
2344,MeloniePar,5
1525,MeloniePar,3
1510,GidgetCad,3
1544,GidgetCad,4
1545,GidgetCad,2
2372,RachellFit,2
2354,RachellFit,1
1538,RachellFit,5
2343,MabelPla,0
2362,MabelPla,2
2362,MabelPla,0
1534,MatthewSid,3
2336,MatthewSid,4
1522,MatthewSid,0
2349,EnriqueGal,0
2346,EnriqueGal,4
1527,EnriqueGal,4
1534,BeckieEis,1
1535,BeckieEis,1
2346,BeckieEis,5
2359,KeeshaMah,5
2347,KeeshaMah,0
2334,KeeshaMah,1
2360,NicoletteCor,2
2355,NicoletteCor,5
2337,NicoletteCor,3
1521,ThanhArd,2
1519,ThanhArd,5
2346,ThanhArd,3
2368,SonaRot,1
2341,SonaRot,0
2364,SonaRot,4
2346,MathildaChi,4
1511,MathildaChi,1
2340,MathildaChi,2
1516,EltonKit,5
2359,EltonKit,5
2338,EltonKit,3
2375,NorahYep,2
1527,NorahYep,0
2337,NorahYep,1
1530,WaltraudSpa,3
1507,WaltraudSpa,3
2351,WaltraudSpa,5
1533,DanLuk,4
1536,DanLuk,4
2353,DanLuk,0
1543,RolandoBer,4
2364,RolandoBer,0
1529,RolandoBer,3
2334,TorriChr,4
1512,TorriChr,4
2354,TorriChr,0
1538,JonathanMon,0
1531,JonathanMon,5
1536,JonathanMon,3
2337,NgaBil,5
1531,NgaBil,2
1538,NgaBil,3
2352,LanSuh,1
1547,LanSuh,5
1538,LanSuh,5
2355,DeettaCap,1
2335,DeettaCap,5
2346,DeettaCap,4
2345,JoaneBle,0
1527,JoaneBle,2
1508,JoaneBle,5
1527,HaroldHol,1
1506,HaroldHol,0
2338,HaroldHol,2
1526,JerryHum,3
2374,JerryHum,0
2365,JerryHum,5
1516,KatelynHoo,3
2361,KatelynHoo,4
1527,KatelynHoo,5
1547,DeonnaShi,2
2340,DeonnaShi,5
1545,DeonnaShi,1
2350,EricKau,1
1549,EricKau,1
2354,EricKau,3
2363,MadlynRai,0
1549,MadlynRai,0
2345,MadlynRai,3
2351,RowenaRei,1
1545,RowenaRei,2
2368,RowenaRei,2
2365,CherlyPra,5
2339,CherlyPra,2
1535,CherlyPra,3
1533,EwaBea,3
2347,EwaBea,4
2354,EwaBea,1
1509,ArnoldCou,5
2347,ArnoldCou,0
1545,ArnoldCou,3
1519,SherronBea,1
2373,SherronBea,1
1525,SherronBea,3
2342,TressieWen,5
2373,TressieWen,2
1528,TressieWen,2
2338,EvelyneGan,3
2351,EvelyneGan,5
1542,EvelyneGan,2
2375,ShanHuf,2
2342,ShanHuf,0
2364,ShanHuf,2
1530,AngelinaHil,4
2366,AngelinaHil,1
1529,AngelinaHil,1
2354,KarieMau,3
2342,KarieMau,1
2360,KarieMau,3
2358,RuthannCro,1
1516,RuthannCro,4
1536,RuthannCro,1
1536,CarleySch,3
2342,CarleySch,0
2346,CarleySch,4
1514,IngeborgSwo,2
2346,IngeborgSwo,5
2355,IngeborgSwo,3
1534,CarolannBol,4
2349,CarolannBol,2
2334,CarolannBol,4
2335,FallonDec,5
2334,FallonDec,4
2349,FallonDec,3
2364,RacheleAll,2
1538,RacheleAll,2
2368,RacheleAll,3
2335,CelinaBra,5
1541,CelinaBra,1
2373,CelinaBra,5
1516,SuzanneLeg,3
2337,SuzanneLeg,4
1510,SuzanneLeg,5
2364,EarnestineGal,5
1528,EarnestineGal,5
2343,EarnestineGal,1
1515,ElmerCar,0
2371,ElmerCar,4
2345,ElmerCar,0
2366,HuiBlo,1
1543,HuiBlo,5
1518,HuiBlo,2
2370,KirstenJac,1
1530,KirstenJac,5
2366,KirstenJac,4
1521,DaleLac,4
2346,DaleLac,5
2347,DaleLac,0
2340,DollyPop,1
2335,DollyPop,0
2359,DollyPop,2
1520,BronwynSpa,3
2361,BronwynSpa,5
2345,BronwynSpa,2
2339,StephenieFre,2
2365,StephenieFre,2
1521,StephenieFre,4
2345,GarnetHan,5
1537,GarnetHan,1
2374,GarnetHan,1
2350,MagdalenAme,4
2361,MagdalenAme,2
1546,MagdalenAme,2
2340,RomanRam,5
2372,RomanRam,4
1541,RomanRam,0
2364,CoriTan,5
1545,CoriTan,2
2338,CoriTan,4
1516,BriannaTri,0
1512,BriannaTri,4
1542,BriannaTri,1
1549,BuckHar,2
1548,BuckHar,0
2372,BuckHar,0
1511,NoeEar,0
2354,NoeEar,5
1526,NoeEar,1
2339,ChantalMcm,1
2372,ChantalMcm,5
2340,ChantalMcm,0
2364,LoraineNap,3
2356,LoraineNap,4
1525,LoraineNap,1
1509,ZenaidaKer,0
1509,ZenaidaKer,1
1535,ZenaidaKer,4
2343,CicelyEls,1
1533,CicelyEls,0
2339,CicelyEls,0
2357,EulaReh,5
2334,EulaReh,4
2363,EulaReh,0
1549,JuttaTim,2
1511,JuttaTim,2
2358,JuttaTim,0
1540,FloriaDan,4
2359,FloriaDan,3
2362,FloriaDan,2
2357,JustinaTru,4
1523,JustinaTru,3
1522,JustinaTru,2
1549,LamarHer,1
2361,LamarHer,5
2361,LamarHer,1
2367,SusyRou,3
2351,SusyRou,4
2375,SusyRou,3
2357,JewelOre,4
2342,JewelOre,4
1545,JewelOre,3
2345,MitsukoEri,5
2362,MitsukoEri,3
2349,MitsukoEri,3
2361,TressieWil,5
2338,TressieWil,0
2349,TressieWil,3
2374,VicentaWhi,1
1520,VicentaWhi,1
2338,VicentaWhi,2
2334,MarileeMit,4
1522,MarileeMit,1
1512,MarileeMit,3
1516,NanceeAub,5
1506,NanceeAub,0
1535,NanceeAub,3
2366,RufinaSin,1
2342,RufinaSin,1
1545,RufinaSin,1
2361,RobbieKep,4
2351,RobbieKep,4
2339,RobbieKep,1
2353,BobbieSch,3
2343,BobbieSch,3
2367,BobbieSch,0
2348,JenetteBru,5
2359,JenetteBru,1
1523,JenetteBru,1
1514,FreddieAle,1
2336,FreddieAle,1
2340,FreddieAle,1
1544,DarciSto,1
2373,DarciSto,4
2337,DarciSto,0
1508,GlyndaSau,3
2356,GlyndaSau,3
2358,GlyndaSau,4
2367,LeatriceWed,5
2364,LeatriceWed,3
2364,LeatriceWed,0
2341,RacheleDub,0
1509,RacheleDub,0
1549,RacheleDub,4
2370,DaiseyKri,0
2364,DaiseyKri,5
2359,DaiseyKri,0
2365,ShondaFab,1
1536,ShondaFab,0
2343,ShondaFab,2
1548,JaquelynBie,2
2347,JaquelynBie,3
2365,JaquelynBie,3
2349,BreannBou,3
1508,BreannBou,4
2340,BreannBou,1
1515,ForestBoy,5
1506,ForestBoy,4
1511,ForestBoy,1
1543,DottySch,1
1533,DottySch,0
1544,DottySch,1
2354,ShantelHay,1
2337,ShantelHay,3
2370,ShantelHay,1
2373,ErvinHal,0
1514,ErvinHal,4
1528,ErvinHal,3
2358,ArgeliaMan,1
2345,ArgeliaMan,0
2335,ArgeliaMan,5
2340,DenaKir,4
2335,DenaKir,4
2373,DenaKir,4
2357,RickySha,0
1544,RickySha,4
2342,RickySha,4
1518,RyanSaf,0
1541,RyanSaf,4
1527,RyanSaf,0
2337,RoniVos,0
2343,RoniVos,5
1522,RoniVos,1
2359,VerniaLeo,1
2357,VerniaLeo,4
1508,VerniaLeo,4
2349,MableSol,0
1537,MableSol,1
1546,MableSol,2
2366,FelipeMcc,4
2376,FelipeMcc,3
2340,FelipeMcc,5
2370,KelsieRei,1
1539,KelsieRei,4
1533,KelsieRei,3
2357,GeorgianaBas,4
2353,GeorgianaBas,5
1531,GeorgianaBas,2
2351,BlancheBar,3
1534,BlancheBar,5
1544,BlancheBar,2
2335,GiovannaKil,4
1544,GiovannaKil,5
2375,GiovannaKil,5
2375,SindyBra,0
1536,SindyBra,0
1546,SindyBra,1
1540,JoaneAmy,0
2376,JoaneAmy,2
1512,JoaneAmy,3
1526,LawandaAcy,1
2347,LawandaAcy,5
1539,LawandaAcy,0
1515,NigelWei,5
1528,NigelWei,3
1541,NigelWei,2
1533,CandyceQui,3
2338,CandyceQui,2
1519,CandyceQui,5
1536,BulaPor,2
2367,BulaPor,2
2359,BulaPor,1
2371,IoneHun,3
2359,IoneHun,5
1541,IoneHun,4
2360,VenaAsh,0
1512,VenaAsh,1
2361,VenaAsh,3
2366,EmaRai,1
2365,EmaRai,3
1517,EmaRai,4
2364,RoselineBel,4
1537,RoselineBel,5
1508,RoselineBel,0
1507,DewittStr,5
2370,DewittStr,4
1514,DewittStr,5
2346,YonEnt,5
1537,YonEnt,4
1536,YonEnt,4
1513,PalmerGli,2
2336,PalmerGli,5
2357,PalmerGli,5
2343,WalterVan,4
1527,WalterVan,2
1538,WalterVan,2
1511,JeffVau,4
2357,JeffVau,4
2362,JeffVau,2
1515,SachikoDue,4
1525,SachikoDue,5
2345,SachikoDue,1
2348,HangFun,2
1511,HangFun,4
1519,HangFun,4
2360,ZaidaGre,3
1511,ZaidaGre,2
1549,ZaidaGre,3
2358,HermineNew,3
2359,HermineNew,4
2372,HermineNew,4
2348,JordanBer,0
1525,JordanBer,3
2354,JordanBer,3
2360,MaryannHem,1
1545,MaryannHem,4
1536,MaryannHem,0
2356,KrystenCue,0
1518,KrystenCue,3
2346,KrystenCue,1
1519,YangHul,1
2358,YangHul,5
1516,YangHul,4
1521,KoreySal,0
1537,KoreySal,3
2349,KoreySal,1
2366,MaxieEng,5
2335,MaxieEng,0
2371,MaxieEng,5
2362,GregorioRes,4
2355,GregorioRes,5
2370,GregorioRes,3
2358,AminaBea,4
2342,AminaBea,0
1537,AminaBea,4
2348,GaynelleWin,5
2340,GaynelleWin,3
1548,GaynelleWin,1
1522,CoralFlu,2
2346,CoralFlu,0
1546,CoralFlu,3
2346,SoledadHel,3
1535,SoledadHel,1
1515,SoledadHel,3
1509,RufusChe,4
2370,RufusChe,2
1549,RufusChe,2
2351,AnnemarieHy,0
1521,AnnemarieHy,0
2367,AnnemarieHy,3
1508,RamiroPar,0
1548,RamiroPar,2
2369,RamiroPar,2
2360,LizzetteWil,2
1542,LizzetteWil,1
2357,LizzetteWil,0
1526,RoxanneKet,5
1533,RoxanneKet,4
2336,RoxanneKet,3
1541,TuyetRom,3
1532,TuyetRom,1
2351,TuyetRom,0
1506,MollySpi,3
1538,MollySpi,0
1528,MollySpi,1
1538,ChauBos,2
2372,ChauBos,2
1534,ChauBos,1
1525,LisabethMcb,3
2363,LisabethMcb,0
1507,LisabethMcb,5
1518,MaribelBra,3
2358,MaribelBra,4
1537,MaribelBra,2
2338,SantaFul,2
2334,SantaFul,5
2375,SantaFul,5
2339,AnnChr,5
1508,AnnChr,3
2358,AnnChr,1
1544,EarlineEar,5
2375,EarlineEar,2
2360,EarlineEar,1
2340,GitaHil,5
2367,GitaHil,0
2346,GitaHil,3
1512,SantosDel,3
1531,SantosDel,1
1529,SantosDel,0
1532,KristynGar,5
1511,KristynGar,0
2338,KristynGar,5
1517,HildredGaz,4
2354,HildredGaz,2
1539,HildredGaz,4
2367,MarybelleJoh,5
2361,MarybelleJoh,4
2372,MarybelleJoh,0
2345,ShanteApp,5
1532,ShanteApp,3
2345,ShanteApp,1
2351,DoriaSwo,1
1545,DoriaSwo,3
2375,DoriaSwo,3
1512,ShariceRab,2
2342,ShariceRab,4
2342,ShariceRab,3
1522,VerenaDia,5
1538,VerenaDia,3
2371,VerenaDia,3
2369,KristinaTit,5
2356,KristinaTit,0
2341,KristinaTit,5
2364,MeganSch,3
1528,MeganSch,2
1541,MeganSch,3
2368,TessFon,5
2347,TessFon,2
1517,TessFon,0
2354,DalilaFob,1
2368,DalilaFob,0
1541,DalilaFob,1
2365,StarrBro,1
1511,StarrBro,5
1527,StarrBro,2
1524,TonyaSho,4
1536,TonyaSho,3
1536,TonyaSho,3
2370,MichellBec,1
2364,MichellBec,5
1548,MichellBec,0
2347,SherellBri,0
2366,SherellBri,5
1544,SherellBri,2
1544,BebeBar,4
2369,BebeBar,2
1545,BebeBar,5
1524,MohamedDel,1
1518,MohamedDel,3
2335,MohamedDel,1
1550,MicaOve,0
2339,MicaOve,3
2345,MicaOve,1
2336,PorterBet,4
2355,PorterBet,2
2336,PorterBet,1
2354,AlbinaBri,1
1533,AlbinaBri,3
1506,AlbinaBri,3
1549,LesLin,4
1507,LesLin,2
1519,LesLin,1
2369,FranceWil,1
2358,FranceWil,1
2345,FranceWil,2
2342,MargheritaPet,3
2343,MargheritaPet,0
1536,MargheritaPet,3
2336,KurtisChe,0
1540,KurtisChe,5
1530,KurtisChe,4
2372,TessaBon,5
2346,TessaBon,4
2376,TessaBon,5
1512,DaynaIsh,2
2372,DaynaIsh,0
1526,DaynaIsh,2
1536,RenettaHav,1
1533,RenettaHav,4
1516,RenettaHav,4
1525,KarmaAus,2
1544,KarmaAus,1
2345,KarmaAus,3
2351,ParkerRoz,4
1535,ParkerRoz,4
2347,ParkerRoz,5
1516,CarolaBro,1
1538,CarolaBro,3
2348,CarolaBro,0
1519,HaroldMar,5
1519,HaroldMar,3
2351,HaroldMar,5
1542,SondraHan,1
1512,SondraHan,0
1522,SondraHan,5
2354,LorriArm,3
2345,LorriArm,5
2345,LorriArm,2
2370,StephanFra,0
2355,StephanFra,0
2348,StephanFra,4
2347,IrvingDuf,1
2349,IrvingDuf,1
1543,IrvingDuf,2
1526,BrunaSpa,3
1528,BrunaSpa,3
2338,BrunaSpa,1
2371,TerenceBol,0
2376,TerenceBol,2
1523,TerenceBol,4
2343,LatoyaTic,0
2335,LatoyaTic,2
2371,LatoyaTic,2
2341,SolangePoo,4
1545,SolangePoo,2
2366,SolangePoo,0
1530,MarjorieRap,2
1519,MarjorieRap,5
2351,MarjorieRap,1
1516,CathySim,4
1508,CathySim,1
2342,CathySim,5
1532,BennieSen,5
1511,BennieSen,1
1515,BennieSen,3
2374,ShonHel,4
1508,ShonHel,3
2362,ShonHel,1
2334,ChelseyBro,4
1508,ChelseyBro,0
2360,ChelseyBro,2
1515,TereasaBri,3
2363,TereasaBri,3
1543,TereasaBri,4
2376,ShawannaBun,0
2348,ShawannaBun,1
2345,ShawannaBun,4
1528,KianaTho,2
1525,KianaTho,5
2339,KianaTho,1
2361,TalishaRod,3
1536,TalishaRod,0
2351,TalishaRod,2
2346,DelindaFea,2
2351,DelindaFea,4
1518,DelindaFea,1
2376,ElbertMed,2
1523,ElbertMed,0
1519,ElbertMed,2
1536,JonnieBat,2
2361,JonnieBat,4
1540,JonnieBat,3
1506,JeanettaWal,5
1509,JeanettaWal,1
2366,JeanettaWal,0
1522,KellieKar,1
1541,KellieKar,1
1528,KellieKar,2
2350,ChinQui,4
1510,ChinQui,4
1542,ChinQui,0
1549,RooseveltHei,5
1508,RooseveltHei,2
2371,RooseveltHei,3
1536,AllineGre,0
2370,AllineGre,5
1521,AllineGre,5
2373,KennyHas,1
2368,KennyHas,5
2353,KennyHas,5
2367,MillyHag,5
2354,MillyHag,4
2345,MillyHag,1
1533,LitaPiz,3
1516,LitaPiz,0
1533,LitaPiz,0
1529,LorieSea,5
1544,LorieSea,0
2361,LorieSea,3
2367,ArmandHar,4
2357,ArmandHar,2
1530,ArmandHar,4
2339,SophieCab,2
1511,SophieCab,2
1536,SophieCab,5
1543,DylanCla,2
2344,DylanCla,4
2371,DylanCla,5
2353,ShanDep,4
2340,ShanDep,2
2366,ShanDep,2
1516,YoshieMaz,3
2360,YoshieMaz,0
1548,YoshieMaz,4
1511,BelleKra,5
1516,BelleKra,0
2371,BelleKra,0
1507,PetronilaHee,2
1511,PetronilaHee,1
1547,PetronilaHee,1
2371,EleonoreSac,5
1532,EleonoreSac,1
1507,EleonoreSac,3
2368,KelsiRon,5
2376,KelsiRon,0
1539,KelsiRon,0
2345,CreolaSim,1
1514,CreolaSim,1
2337,CreolaSim,1
1535,EndaCes,5
1531,EndaCes,0
2336,EndaCes,0
1522,EstelaDin,1
1519,EstelaDin,0
2370,EstelaDin,5
2366,DougSla,0
1523,DougSla,0
1522,DougSla,2
2353,OmerLin,5
2346,OmerLin,0
1540,OmerLin,1
1542,ShanteEns,3
2364,ShanteEns,5
2357,ShanteEns,1
1517,TerrencePal,1
1540,TerrencePal,0
2361,TerrencePal,2
2359,DaraHar,1
2367,DaraHar,0
1515,DaraHar,1
2337,DamarisEvi,3
1524,DamarisEvi,1
1510,DamarisEvi,2
1506,MarilynOlv,0
1544,MarilynOlv,4
2354,MarilynOlv,4
2342,MollyLaf,5
1518,MollyLaf,0
1512,MollyLaf,1
2372,KenaMon,1
2344,KenaMon,0
2345,KenaMon,0
2364,LolaJuc,3
2361,LolaJuc,1
1508,LolaJuc,3
1526,JanitaRen,0
1538,JanitaRen,2
1518,JanitaRen,5
1518,TuCir,3
1539,TuCir,0
1525,TuCir,4
2346,MarcoBlu,2
1533,MarcoBlu,5
2364,MarcoBlu,1
2376,KristeenTel,0
2366,KristeenTel,5
2345,KristeenTel,3
2376,TomiHol,5
2361,TomiHol,3
2351,TomiHol,0
1530,SpencerBus,0
2366,SpencerBus,0
2363,SpencerBus,0
2356,YadiraSet,1
1527,YadiraSet,5
1512,YadiraSet,5
1540,JannieWol,1
2355,JannieWol,3
2357,JannieWol,3
1547,PauletteAtt,2
2342,PauletteAtt,0
1519,PauletteAtt,3
1537,EloyPau,4
1508,EloyPau,4
1536,EloyPau,2
2372,HopeNem,5
1530,HopeNem,0
2355,HopeNem,1
1549,LashayNum,1
2344,LashayNum,1
1514,LashayNum,3
2376,CrystleMcf,2
2356,CrystleMcf,0
2349,CrystleMcf,1
1519,KarinBro,1
2354,KarinBro,0
2336,KarinBro,1
1514,ChiekoRay,3
1519,ChiekoRay,1
1528,ChiekoRay,3
2335,CollenPre,1
2356,CollenPre,4
1519,CollenPre,0
2370,ArielleOrd,5
2344,ArielleOrd,0
2371,ArielleOrd,5
1545,AshelyAls,3
1525,AshelyAls,0
1543,AshelyAls,2
1534,BritanyBig,1
1545,BritanyBig,1
2345,BritanyBig,4
2336,GeorgiannKem,5
2362,GeorgiannKem,3
1509,GeorgiannKem,5
1526,BrantRot,1
2341,BrantRot,1
2365,BrantRot,5
1516,AlethiaBot,4
1528,AlethiaBot,1
1527,AlethiaBot,5
2368,DiaJou,2
1532,DiaJou,1
2337,DiaJou,3
2351,AdeleEcc,4
1546,AdeleEcc,5
2340,AdeleEcc,3
2335,NicolleMos,4
1517,NicolleMos,2
2373,NicolleMos,1
1529,LouiseSea,4
2368,LouiseSea,5
1522,LouiseSea,2
1525,MirandaSoh,2
2337,MirandaSoh,5
1530,MirandaSoh,3
2375,YiHid,0
1545,YiHid,1
1527,YiHid,4
1534,DarlineSte,3
1521,DarlineSte,3
1545,DarlineSte,3
2376,JaneyCri,2
2364,JaneyCri,1
1509,JaneyCri,0
1525,EliSvo,1
1529,EliSvo,4
2365,EliSvo,1
1536,MollyLor,1
2353,MollyLor,1
1534,MollyLor,2
2362,WilletteCor,4
1526,WilletteCor,3
2352,WilletteCor,3
1536,LizetteCav,2
2361,LizetteCav,5
1535,LizetteCav,5
2346,AnaDeg,0
2338,AnaDeg,5
2365,AnaDeg,5
1521,LavonBro,5
1508,LavonBro,2
2363,LavonBro,2
1519,SungRee,4
2366,SungRee,5
2358,SungRee,4
1533,SharmaineHat,2
1510,SharmaineHat,0
2347,SharmaineHat,1
2358,MyrlMik,4
1517,MyrlMik,3
1515,MyrlMik,5
2342,DongIrv,5
1519,DongIrv,3
2375,DongIrv,4
1532,DaniSar,0
2369,DaniSar,2
1542,DaniSar,3
2357,RiaRoh,2
1508,RiaRoh,2
2357,RiaRoh,3
1515,RashidaMcm,3
2340,RashidaMcm,2
2354,RashidaMcm,2
1539,ElfriedaGal,1
2364,ElfriedaGal,1
2351,ElfriedaGal,0
1524,ClaraSal,0
1538,ClaraSal,2
1539,ClaraSal,0
1510,DaltonNas,3
1533,DaltonNas,0
2336,DaltonNas,0
1522,MadeleneLev,3
2336,MadeleneLev,0
1535,MadeleneLev,3
2358,CharlesDen,4
1542,CharlesDen,4
1543,CharlesDen,2
1539,BryanNor,4
1546,BryanNor,1
2375,BryanNor,4
1545,DionnaGon,3
2336,DionnaGon,1
1517,DionnaGon,4
1536,JasonSed,2
2358,JasonSed,2
1514,JasonSed,5
1542,MartineBus,0
1529,MartineBus,3
2365,MartineBus,3
2370,AbrahamMca,5
2375,AbrahamMca,4
1527,AbrahamMca,4
2364,AnnelieseSom,3
1543,AnnelieseSom,3
1508,AnnelieseSom,0
2341,NaomaJin,3
1538,NaomaJin,0
2376,NaomaJin,5
2366,RubyeBru,5
2352,RubyeBru,5
1532,RubyeBru,3
2352,VerleneFad,2
1550,VerleneFad,3
2345,VerleneFad,4
2335,ChristalLyv,1
2354,ChristalLyv,3
2346,ChristalLyv,4
1506,CristieGie,0
2370,CristieGie,2
2368,CristieGie,1
1539,EllynCou,4
2337,EllynCou,3
1532,EllynCou,2
1535,CaitlynOch,3
1547,CaitlynOch,2
1521,CaitlynOch,0
1538,AllenCri,2
1522,AllenCri,0
1521,AllenCri,5
2374,NgaAut,0
1529,NgaAut,4
2348,NgaAut,1
1543,ShericeFag,4
1536,ShericeFag,1
1531,ShericeFag,4
2375,FondaRoo,5
2345,FondaRoo,1
2361,FondaRoo,1
1526,TimothyHan,3
1546,TimothyHan,5
2370,TimothyHan,3
2350,AltagraciaAbe,1
1510,AltagraciaAbe,3
1536,AltagraciaAbe,4
1510,IsaMck,5
2356,IsaMck,4
2365,IsaMck,1
2352,CarmaSig,2
1531,CarmaSig,4
1530,CarmaSig,0
2348,EmmanuelEic,0
1528,EmmanuelEic,3
2366,EmmanuelEic,3
1534,DaynaRai,4
2350,DaynaRai,2
2343,DaynaRai,4
2345,AndresSwa,4
2365,AndresSwa,3
1531,AndresSwa,1
2359,TrudyUtz,2
1521,TrudyUtz,4
2345,TrudyUtz,3
1516,RossanaWea,3
2364,RossanaWea,2
2355,RossanaWea,1
2358,IsraelSwa,4
2345,IsraelSwa,0
2362,IsraelSwa,0
1507,KareemPil,2
1530,KareemPil,5
2353,KareemPil,3
2357,ErminiaLan,1
2375,ErminiaLan,2
2340,ErminiaLan,4
1541,GeorgiannCoc,2
1519,GeorgiannCoc,1
1522,GeorgiannCoc,1
1507,AmparoFer,3
2335,AmparoFer,3
2343,AmparoFer,5
1514,TomasBoo,0
2362,TomasBoo,2
1546,TomasBoo,0
2357,AngeloVol,0
1533,AngeloVol,3
2372,AngeloVol,3
2361,ImogenePed,0
2335,ImogenePed,4
1518,ImogenePed,2
2341,KristinCon,4
1518,KristinCon,0
1536,KristinCon,1
2369,SetsukoFit,2
2354,SetsukoFit,1
2358,SetsukoFit,2
1535,AlessandraNew,2
1508,AlessandraNew,4
1545,AlessandraNew,1
1538,EboniOrn,5
1539,EboniOrn,2
2375,EboniOrn,4
1544,JayRon,1
1546,JayRon,3
1515,JayRon,1
1511,CeliaDun,2
1535,CeliaDun,3
1532,CeliaDun,2
1518,RenePin,4
2359,RenePin,0
2369,RenePin,3
2358,PamelaKit,2
2370,PamelaKit,3
1516,PamelaKit,0
2362,EmilieMoy,1
1512,EmilieMoy,3
1538,EmilieMoy,0
2338,MariluNyg,4
2342,MariluNyg,0
2337,MariluNyg,3
2340,TrentonHun,5
2359,TrentonHun,1
2341,TrentonHun,0
1546,TangelaTal,3
1519,TangelaTal,4
2376,TangelaTal,2
2359,DaleneFur,5
2349,DaleneFur,2
1544,DaleneFur,1
2370,ChongStr,1
1542,ChongStr,4
1547,ChongStr,2
2375,MiquelNic,2
1508,MiquelNic,3
2341,MiquelNic,5
1510,ToniaEpl,3
1522,ToniaEpl,0
1549,ToniaEpl,5
1533,EarlenePet,5
2343,EarlenePet,0
2369,EarlenePet,4
1529,JeremyBut,3
1526,JeremyBut,3
2338,JeremyBut,0
2370,AnjanetteCur,0
2371,AnjanetteCur,3
2334,AnjanetteCur,0
1514,KurtTor,3
1515,KurtTor,5
2354,KurtTor,4
1536,ShirleeMir,4
1537,ShirleeMir,0
2339,ShirleeMir,3
1516,CindyDou,4
1527,CindyDou,0
2374,CindyDou,1
2370,GilberteBui,4
2360,GilberteBui,1
1519,GilberteBui,3
2360,AlphonsoKar,0
2370,AlphonsoKar,5
1549,AlphonsoKar,2
1517,EloiseMcc,0
1508,EloiseMcc,4
2356,EloiseMcc,3
2351,KathaleenBoy,5
1546,KathaleenBoy,0
1521,KathaleenBoy,4
1533,DebraPat,5
2360,DebraPat,0
1524,DebraPat,2
1534,ThiRou,0
1524,ThiRou,5
1546,ThiRou,2
2348,LizetteSla,3
1514,LizetteSla,5
2351,LizetteSla,0
2369,AshleaRun,0
1516,AshleaRun,4
2341,AshleaRun,3
1541,TwylaDem,5
1506,TwylaDem,3
1539,TwylaDem,4
1538,GilbertSco,2
2349,GilbertSco,2
1548,GilbertSco,0
1545,RemonaRic,1
1511,RemonaRic,5
2348,RemonaRic,1
2354,ClevelandSch,5
2334,ClevelandSch,5
1513,ClevelandSch,3
2370,ErickaQua,2
2370,ErickaQua,4
1518,ErickaQua,2
1536,JesseVal,4
2371,JesseVal,4
2353,JesseVal,0
1507,GonzaloBee,4
1528,GonzaloBee,2
1529,GonzaloBee,4
1523,KeciaPro,0
1544,KeciaPro,5
2345,KeciaPro,3
2370,CristobalMat,3
1549,CristobalMat,2
1547,CristobalMat,1
1521,LucilaLue,3
2362,LucilaLue,1
2337,LucilaLue,0
2347,NestorPri,2
1536,NestorPri,3
1506,NestorPri,3
1506,EldonMac,5
2358,EldonMac,2
1512,EldonMac,0
1528,LachellePin,5
2361,LachellePin,1
1511,LachellePin,4
1522,SirenaGan,1
1506,SirenaGan,0
2368,SirenaGan,4
1509,RutheWal,0
2337,RutheWal,2
1532,RutheWal,4
1520,LeontineSwa,0
2351,LeontineSwa,2
2370,LeontineSwa,4
2342,DarioKin,5
1543,DarioKin,2
2335,DarioKin,3
1531,NovaTha,1
1535,NovaTha,2
2345,NovaTha,4
1542,EmmanuelMal,4
1536,EmmanuelMal,4
2355,EmmanuelMal,3
2349,RosettaKig,3
1546,RosettaKig,4
2340,RosettaKig,5
2358,DwainFra,5
2357,DwainFra,4
1541,DwainFra,0
2360,ArlenGue,0
2352,ArlenGue,3
1535,ArlenGue,2
1513,ZoeMil,5
2364,ZoeMil,0
1543,ZoeMil,4
1542,ShadRaf,1
2366,ShadRaf,4
1512,ShadRaf,2
2366,MarisolDee,2
2356,MarisolDee,1
1522,MarisolDee,4
1548,ZacherySue,3
1525,ZacherySue,1
1535,ZacherySue,4
1521,BeverlyFig,3
1549,BeverlyFig,3
2337,BeverlyFig,0
2345,AnyaEss,0
1535,AnyaEss,1
1519,AnyaEss,2
2345,IoneBye,1
1512,IoneBye,1
1517,IoneBye,1
2342,JonLea,3
2351,JonLea,4
1529,JonLea,4
2345,EugenioDem,3
1511,EugenioDem,1
1507,EugenioDem,1
2350,MintaJam,3
1528,MintaJam,0
1542,MintaJam,0
2355,OrethaMar,1
1521,OrethaMar,3
1519,OrethaMar,3
1546,YadiraFas,4
1520,YadiraFas,4
2337,YadiraFas,4
1516,EleanoreAng,3
2366,EleanoreAng,4
2358,EleanoreAng,2
2342,BorisCap,3
2351,BorisCap,3
2350,BorisCap,3
1545,AldoNav,3
2368,AldoNav,4
1535,AldoNav,2
1534,NicholleWaa,3
1528,NicholleWaa,5
1548,NicholleWaa,2
2366,RedaSmo,0
2373,RedaSmo,2
1526,RedaSmo,3
2361,VashtiTra,4
2366,VashtiTra,2
2347,VashtiTra,1
2363,DeanaRud,0
1549,DeanaRud,4
1541,DeanaRud,1
2361,OrvilleCar,3
2348,OrvilleCar,5
2356,OrvilleCar,5
1519,GladisVes,5
1545,GladisVes,4
1526,GladisVes,0
1534,ShondraStr,2
2362,ShondraStr,1
2368,ShondraStr,1
1510,LewisCar,0
2352,LewisCar,5
1507,LewisCar,3
1547,KeithaCop,0
2340,KeithaCop,2
2372,KeithaCop,4
1545,LizbethPil,0
1506,LizbethPil,3
1509,LizbethPil,4
1537,UlaSto,5
1534,UlaSto,2
2365,UlaSto,0
2366,TabithaRee,3
2360,TabithaRee,4
2357,TabithaRee,5
2366,LatoshaMur,3
1522,LatoshaMur,1
1544,LatoshaMur,5
2355,MarnieSch,2
1523,MarnieSch,1
1526,MarnieSch,5
2334,FelipeFek,0
2362,FelipeFek,1
1545,FelipeFek,5
1536,AngelikaGab,3
2360,AngelikaGab,0
2361,AngelikaGab,3
1514,WindyLin,1
1544,WindyLin,5
1516,WindyLin,2
2366,JorgeApp,4
2364,JorgeApp,2
2370,JorgeApp,4
1543,ClaudiaFen,4
2366,ClaudiaFen,5
1524,ClaudiaFen,3
1522,LouveniaHil,1
1520,LouveniaHil,5
2341,LouveniaHil,5
2374,LennieGas,3
2347,LennieGas,5
1514,LennieGas,2
1508,HobertHau,3
2356,HobertHau,2
2342,HobertHau,5
1549,JeneeVas,4
2340,JeneeVas,1
1547,JeneeVas,2
1536,CameronMil,1
2341,CameronMil,0
2342,CameronMil,2
2353,JanelAbl,2
2368,JanelAbl,2
1526,JanelAbl,5
2353,CatherineDid,0
1535,CatherineDid,0
1539,CatherineDid,3
2338,MarthSta,4
1515,MarthSta,4
1511,MarthSta,4
2356,HedwigHol,3
2374,HedwigHol,5
2351,HedwigHol,2
2348,MardellPul,0
1510,MardellPul,3
2345,MardellPul,2
1519,SvetlanaNew,4
2353,SvetlanaNew,2
1524,SvetlanaNew,1
1516,OtisGar,0
2369,OtisGar,2
1525,OtisGar,4
1510,CucMcm,4
2340,CucMcm,2
1529,CucMcm,1
1513,AnnettaTim,2
1515,AnnettaTim,4
2340,AnnettaTim,2
2342,VernFaz,0
1543,VernFaz,4
2351,VernFaz,4
2335,ShellieRya,1
1514,ShellieRya,3
2364,ShellieRya,0
2339,MaliaLet,2
2343,MaliaLet,3
2373,MaliaLet,4
1547,JohnathanHar,4
1519,JohnathanHar,4
1508,JohnathanHar,4
2346,CaroleBra,2
2357,CaroleBra,1
2343,CaroleBra,4
1528,NitaGro,2
1543,NitaGro,4
1533,NitaGro,2
1549,JeriHen,2
2372,JeriHen,4
2374,JeriHen,1
1506,AdeliaSan,2
2347,AdeliaSan,3
1514,AdeliaSan,1
1518,EssieHer,3
1544,EssieHer,2
2345,EssieHer,0
2375,LinnVan,3
1532,LinnVan,4
2339,LinnVan,1
1531,LeshaTus,0
1531,LeshaTus,5
1535,LeshaTus,3
1519,AnastasiaBec,4
2359,AnastasiaBec,5
2341,AnastasiaBec,1
1538,MarishaCar,2
2367,MarishaCar,2
2355,MarishaCar,2
2361,CorrinAug,1
2341,CorrinAug,5
1511,CorrinAug,1
1510,JoelDut,2
2373,JoelDut,2
1547,JoelDut,0
1538,YingPoa,1
2337,YingPoa,2
2335,YingPoa,5
2345,GermaineKey,1
1519,GermaineKey,5
2361,GermaineKey,3
2366,CarlynNau,4
1522,CarlynNau,5
1530,CarlynNau,4
2368,TawnyPay,4
1536,TawnyPay,1
1545,TawnyPay,0
1510,AgripinaPri,3
2373,AgripinaPri,0
2341,AgripinaPri,4
1539,UlyssesWes,2
1529,UlyssesWes,5
2353,UlyssesWes,0
1520,SierraHoo,5
2371,SierraHoo,5
1526,SierraHoo,0
1544,AlinaBan,5
2375,AlinaBan,2
1520,AlinaBan,0
2357,FloydLep,3
1524,FloydLep,0
2343,FloydLep,2
1542,CaseyGet,1
1544,CaseyGet,2
2354,CaseyGet,2
1519,SerenaVil,3
2346,SerenaVil,3
2346,SerenaVil,0
1541,LinDou,3
1549,LinDou,4
2353,LinDou,5
1516,KennethVan,1
2339,KennethVan,2
2361,KennethVan,4
2336,NigelPos,4
1543,NigelPos,3
2347,NigelPos,1
2351,SantinaZin,0
1510,SantinaZin,4
2363,SantinaZin,3
2367,ErikaNog,1
2347,ErikaNog,3
1538,ErikaNog,5
2367,IlseFor,1
2372,IlseFor,1
1544,IlseFor,2
2338,TomokoYza,2
2334,TomokoYza,2
1541,TomokoYza,2
1517,DelphiaLew,3
1520,DelphiaLew,5
1539,DelphiaLew,1
1525,EldenCha,0
1532,EldenCha,0
2356,EldenCha,0
1538,SanjuanaChe,1
1519,SanjuanaChe,1
1547,SanjuanaChe,2
1517,WillCar,4
1546,WillCar,4
1549,WillCar,0
2354,JacquelineGra,5
2376,JacquelineGra,2
2374,JacquelineGra,5
1515,WinnieEck,3
2368,WinnieEck,5
1548,WinnieEck,4
1538,RonSpi,2
1536,RonSpi,4
1539,RonSpi,0
2370,PalmaLac,3
2334,PalmaLac,0
2356,PalmaLac,0
2363,KathyKri,5
1518,KathyKri,3
2334,KathyKri,2
1537,BridgettAlv,5
2365,BridgettAlv,4
2376,BridgettAlv,1
2338,DanetteLin,0
2348,DanetteLin,2
2341,DanetteLin,5
1532,ValeriaPai,0
1509,ValeriaPai,3
2351,ValeriaPai,5
2345,YuriDul,4
2351,YuriDul,3
1549,YuriDul,1
1508,VictorinaFea,0
2359,VictorinaFea,5
2370,VictorinaFea,2
2369,TaliaCay,4
1534,TaliaCay,2
2334,TaliaCay,4
1511,DanyelWil,4
1512,DanyelWil,0
1516,DanyelWil,5
2368,MitsueRow,2
2368,MitsueRow,1
2356,MitsueRow,1
2338,ChinaDol,0
1545,ChinaDol,0
1542,ChinaDol,5
2359,EduardoLoc,4
1516,EduardoLoc,4
2351,EduardoLoc,3
2360,KarenIng,0
1528,KarenIng,5
2369,KarenIng,2
2375,DorothyFow,5
2372,DorothyFow,4
2371,DorothyFow,1
1544,BoydKru,2
1550,BoydKru,0
1543,BoydKru,0
2343,GradyStr,2
1538,GradyStr,5
2348,GradyStr,2
1521,RosendoCol,2
2340,RosendoCol,0
2375,RosendoCol,3
2368,AdelleKue,1
1533,AdelleKue,1
1533,AdelleKue,4
1533,JuneVai,3
2339,JuneVai,5
2364,JuneVai,1
2341,AnnamaeTro,2
2338,AnnamaeTro,0
2340,AnnamaeTro,4
1529,CaritaRid,0
2346,CaritaRid,1
2347,CaritaRid,4
2340,CarlettaDam,2
1536,CarlettaDam,2
2360,CarlettaDam,1
2345,WynellWom,2
1514,WynellWom,3
2345,WynellWom,4
2370,MarlineWin,4
2336,MarlineWin,3
1535,MarlineWin,1
2335,CristaLov,4
2343,CristaLov,1
2369,CristaLov,0
2346,SaulLon,1
2370,SaulLon,2
2340,SaulLon,1
2376,DeltaMan,3
2367,DeltaMan,0
1535,DeltaMan,5
1517,JaneCle,4
2351,JaneCle,5
2348,JaneCle,2
1530,AlaineShu,3
2370,AlaineShu,5
1528,AlaineShu,0
1531,GriselHin,2
2365,GriselHin,3
2362,GriselHin,3
1537,AlanaHoc,5
1541,AlanaHoc,1
2373,AlanaHoc,5
1518,LillaFis,4
2357,LillaFis,4
1519,LillaFis,5
2346,MaricaCof,0
1535,MaricaCof,2
1509,MaricaCof,3
2360,GlennCre,5
2337,GlennCre,4
2342,GlennCre,3
1516,GinaArv,1
1531,GinaArv,3
2349,GinaArv,2
2360,BernardLav,3
2358,BernardLav,5
1533,BernardLav,4
2367,ErlindaSol,0
2350,ErlindaSol,4
1508,ErlindaSol,5
1526,KristinaGoy,0
2347,KristinaGoy,0
1510,KristinaGoy,4
2361,QuyenGoe,4
1545,QuyenGoe,5
1549,QuyenGoe,5
1518,EnriqueSta,2
1533,EnriqueSta,3
1542,EnriqueSta,1
2354,AllanRot,2
1534,AllanRot,2
1515,AllanRot,2
2372,LesleeFor,3
2345,LesleeFor,4
2376,LesleeFor,1
1512,MargertKee,4
2347,MargertKee,5
2335,MargertKee,4
2343,BreanneWil,2
2347,BreanneWil,1
2342,BreanneWil,1
2340,CarolynHon,1
2347,CarolynHon,2
2371,CarolynHon,4
2349,AntoineDim,2
1541,AntoineDim,0
1510,AntoineDim,2
1527,WillMcc,3
1543,WillMcc,3
2364,WillMcc,5
1545,ShilohAsc,1
2356,ShilohAsc,2
2339,ShilohAsc,5
1546,RennaCul,1
1539,RennaCul,1
2340,RennaCul,4
2369,SharitaRan,0
2363,SharitaRan,2
2335,SharitaRan,4
1545,AndreasSet,0
1520,AndreasSet,2
1543,AndreasSet,2
1541,ClaudiaMck,0
1533,ClaudiaMck,5
1529,ClaudiaMck,3
1542,ShelliBoh,0
1536,ShelliBoh,1
1548,ShelliBoh,3
1533,ErikaMck,1
1544,ErikaMck,0
2345,ErikaMck,1
1537,DanieleSti,5
1537,DanieleSti,0
2342,DanieleSti,2
1536,CatherynCul,1
1519,CatherynCul,2
1510,CatherynCul,5
2370,TambraCoo,2
1520,TambraCoo,2
1525,TambraCoo,1
2349,BethannLeu,5
1513,BethannLeu,4
1520,BethannLeu,1
2356,ScottyBla,2
1533,ScottyBla,5
1516,ScottyBla,1
2367,ColletteEnl,3
1545,ColletteEnl,4
1524,ColletteEnl,4
1532,DelmaHya,0
2373,DelmaHya,2
2351,DelmaHya,3
1512,LovieWes,4
2353,LovieWes,3
1535,LovieWes,0
2371,GiselaSev,0
1526,GiselaSev,3
2366,GiselaSev,0
2348,VidaWin,1
1518,VidaWin,4
2335,VidaWin,1
1543,MarlanaCif,1
2344,MarlanaCif,5
2344,MarlanaCif,5
1535,MableHop,0
1518,MableHop,1
1536,MableHop,3
1536,JannieKah,0
2369,JannieKah,0
2356,JannieKah,5
2373,ChanteFaz,3
1513,ChanteFaz,2
1522,ChanteFaz,2
1541,CareyTer,0
1507,CareyTer,3
2346,CareyTer,0
2346,ElmiraBra,4
2351,ElmiraBra,2
1530,ElmiraBra,2
2361,DelphiaFoy,5
1535,DelphiaFoy,1
1514,DelphiaFoy,0
2372,NicolleMid,2
1511,NicolleMid,2
1544,NicolleMid,1
2338,EloisePac,5
2354,EloisePac,5
1547,EloisePac,2
2365,AubreyEsp,2
2337,AubreyEsp,0
2353,AubreyEsp,2
2346,MarcelinoKil,3
1543,MarcelinoKil,5
2335,MarcelinoKil,3
2357,ToniKar,4
1526,ToniKar,1
2334,ToniKar,5
2370,TeddyKin,0
2343,TeddyKin,3
1516,TeddyKin,3
1509,GiseleFra,3
2370,GiseleFra,4
1541,GiseleFra,5
1543,LizabethMod,2
1506,LizabethMod,3
2363,LizabethMod,1
1536,MagdalenCal,0
2360,MagdalenCal,0
1525,MagdalenCal,5
1532,DaronStr,5
2338,DaronStr,2
2340,DaronStr,4
1527,MosheSau,1
2375,MosheSau,2
1542,MosheSau,4
2335,RickieMil,3
2366,RickieMil,3
1525,RickieMil,4
2366,IldaEns,3
1530,IldaEns,3
2340,IldaEns,2
2345,RegenaGul,3
2370,RegenaGul,5
1506,RegenaGul,1
1529,DarellTow,1
1510,DarellTow,4
2361,DarellTow,0
1533,CarleyLan,3
2356,CarleyLan,2
2362,CarleyLan,1
2342,MargaretteWei,2
2349,MargaretteWei,3
1516,MargaretteWei,1
2343,OmaWes,2
2346,OmaWes,5
1532,OmaWes,0
2339,JohnnaLap,0
1532,JohnnaLap,1
1533,JohnnaLap,0
1516,PartheniaMar,2
1511,PartheniaMar,3
2345,PartheniaMar,5
1546,PorfirioSpe,4
1542,PorfirioSpe,4
1535,PorfirioSpe,1
1538,BobbieAra,1
2372,BobbieAra,5
1529,BobbieAra,3
1535,MartyPou,5
1543,MartyPou,5
2365,MartyPou,0
2373,OraleePri,3
1532,OraleePri,3
1528,OraleePri,2
1511,NaidaNab,5
2363,NaidaNab,3
1516,NaidaNab,5
2375,ValentineUmp,1
2360,ValentineUmp,2
1547,ValentineUmp,2
1506,MaxwellLil,1
1508,MaxwellLil,4
2351,MaxwellLil,4
1530,MyCuy,0
1548,MyCuy,5
2347,MyCuy,0
1512,NorrisSil,5
1544,NorrisSil,2
2345,NorrisSil,4
1519,KassandraAlm,2
1535,KassandraAlm,1
2369,KassandraAlm,4
1513,VerlineWad,0
1506,VerlineWad,4
1522,VerlineWad,0
2345,MontyWin,4
1524,MontyWin,4
1516,MontyWin,4
2361,BariCan,2
2339,BariCan,4
2362,BariCan,1
2338,MyrtieKoh,1
2341,MyrtieKoh,5
2344,MyrtieKoh,0
2355,EdelmiraGri,4
2369,EdelmiraGri,5
1535,EdelmiraGri,0
1512,DinahCos,2
2355,DinahCos,0
2365,DinahCos,0
2339,CarolynnWhi,3
2364,CarolynnWhi,0
1543,CarolynnWhi,5
1527,ReedSev,0
2346,ReedSev,3
2341,ReedSev,3
2368,WynonaGra,5
2370,WynonaGra,4
2363,WynonaGra,3
2376,RivkaCou,2
2353,RivkaCou,1
1510,RivkaCou,1
2365,MerrillKam,1
2347,MerrillKam,5
2361,MerrillKam,5
1543,LorinaZam,1
2340,LorinaZam,2
1533,LorinaZam,4
2343,ToneyWil,1
2373,ToneyWil,0
1533,ToneyWil,0
1540,ManuelBro,3
1512,ManuelBro,2
2361,ManuelBro,5
2374,CamilleEst,1
1510,CamilleEst,1
1538,CamilleEst,4
1524,HerthaSto,2
2362,HerthaSto,0
1519,HerthaSto,3
2340,TonieSch,2
2359,TonieSch,5
2375,TonieSch,0
2365,ChristianeMal,5
1535,ChristianeMal,5
1525,ChristianeMal,3
1546,PageChr,4
2361,PageChr,2
2356,PageChr,2
1534,CoriSal,5
2345,CoriSal,5
2362,CoriSal,0
1526,RessieWim,4
2364,RessieWim,0
2365,RessieWim,3
1542,LajuanaBil,1
1509,LajuanaBil,0
2341,LajuanaBil,3
2336,KymberlyVen,1
1508,KymberlyVen,4
1522,KymberlyVen,5
1521,MaudWie,1
2354,MaudWie,4
1511,MaudWie,5
1528,GrantLin,0
1519,GrantLin,1
1544,GrantLin,1
1506,AntoineCir,2
1529,AntoineCir,4
2345,AntoineCir,2
1537,MaddieCon,4
1533,MaddieCon,4
1549,MaddieCon,0
1533,TennieEur,2
2364,TennieEur,4
1547,TennieEur,5
2363,KurtisMum,4
2370,KurtisMum,1
2371,KurtisMum,1
2361,JinaPic,0
1539,JinaPic,4
2344,JinaPic,4
1550,RonnaRho,3
2360,RonnaRho,1
1508,RonnaRho,5
2360,VasilikiMar,5
1506,VasilikiMar,4
1535,VasilikiMar,1
1520,GenevieLaf,4
1523,GenevieLaf,1
2346,GenevieLaf,1
2355,TyishaGil,2
1519,TyishaGil,5
1514,TyishaGil,2
2346,MetaWur,5
1543,MetaWur,0
2345,MetaWur,5
1520,IsabellaTed,0
2348,IsabellaTed,3
1529,IsabellaTed,1
1522,EleaseLip,1
1519,EleaseLip,4
2340,EleaseLip,4
1529,ColettaCar,0
1516,ColettaCar,5
2354,ColettaCar,5
2346,TanjaHun,3
2364,TanjaHun,4
1535,TanjaHun,0
2376,YokoMal,4
2361,YokoMal,0
2363,YokoMal,3
1541,LovellaMul,4
1506,LovellaMul,5
2356,LovellaMul,0
2342,AngellaMai,5
1510,AngellaMai,4
1537,AngellaMai,5
2356,LessieGol,5
1525,LessieGol,2
1507,LessieGol,3
2358,EmmanuelLee,0
2344,EmmanuelLee,2
1507,EmmanuelLee,3
1538,EmmyPfa,5
1545,EmmyPfa,1
2337,EmmyPfa,0
2337,HildaAll,4
2335,HildaAll,3
2365,HildaAll,5
1506,MiBur,0
1532,MiBur,2
1545,MiBur,4
1547,AmeliaAtt,2
2364,AmeliaAtt,5
2341,AmeliaAtt,3
1525,FelicaBla,4
1511,FelicaBla,4
2336,FelicaBla,4
2369,EstelleAcr,2
1527,EstelleAcr,5
2374,EstelleAcr,1
2355,HoytRea,3
2370,HoytRea,0
1533,HoytRea,4
1537,KoriLov,5
1544,KoriLov,4
2355,KoriLov,5
2340,KristalTal,1
1521,KristalTal,0
1516,KristalTal,0
2367,BrittaniDon,5
2356,BrittaniDon,5
1526,BrittaniDon,5
1544,PattyLon,5
1529,PattyLon,4
1545,PattyLon,1
1539,CharlottLam,4
1516,CharlottLam,3
2355,CharlottLam,4
1540,LinnieBea,3
2368,LinnieBea,4
1510,LinnieBea,0
2373,MissSho,3
1545,MissSho,5
2373,MissSho,0
2347,JonaRuc,5
2352,JonaRuc,3
2354,JonaRuc,5
2345,BirgitHay,2
2335,BirgitHay,1
2334,BirgitHay,5
1529,ShandaRan,4
1529,ShandaRan,2
2365,ShandaRan,0
2354,NgaWag,4
1516,NgaWag,0
2360,NgaWag,5
2361,TrudyTha,5
2370,TrudyTha,2
1520,TrudyTha,3
1515,JeanettePer,2
2365,JeanettePer,3
2338,JeanettePer,0
1539,TerrencePet,5
2342,TerrencePet,3
2340,TerrencePet,2
2348,KittieBin,5
2363,KittieBin,1
2345,KittieBin,2
2359,DeniceArv,3
1539,DeniceArv,1
1536,DeniceArv,4
1522,DebMah,2
1508,DebMah,0
1532,DebMah,2
2374,ScarlettBra,4
1514,ScarlettBra,2
1540,ScarlettBra,4
2375,DalilaWen,3
1545,DalilaWen,2
1541,DalilaWen,3
1508,AshleeKna,2
1516,AshleeKna,3
1515,AshleeKna,2
1528,RubiWoo,4
1533,RubiWoo,0
1511,RubiWoo,4
2370,BudSie,0
1519,BudSie,4
2372,BudSie,2
2343,HalleyZin,3
1549,HalleyZin,0
1527,HalleyZin,4
2338,YaekoBat,0
1536,YaekoBat,3
2339,YaekoBat,3
2366,LenardTao,3
2360,LenardTao,1
1516,LenardTao,2
2353,ElsaSca,4
2348,ElsaSca,0
1519,ElsaSca,0
1526,ElidaBot,2
2369,ElidaBot,0
2334,ElidaBot,0
1512,OdiliaJoh,1
1512,OdiliaJoh,4
2340,OdiliaJoh,4
,AldaAve,0
1536,AldaAve,3
2337,AldaAve,0
1522,AdrianeMac,1
2361,AdrianeMac,1
1542,AdrianeMac,5
2340,FritzPet,3
1543,FritzPet,2
2345,FritzPet,3
2340,ClaudSho,5
1521,ClaudSho,5
1511,ClaudSho,0
1543,LucinaRot,1
2366,LucinaRot,3
1543,LucinaRot,5
2368,AileenEng,0
1542,AileenEng,0
2362,AileenEng,2
1518,RegeniaBul,5
2363,RegeniaBul,1
1509,RegeniaBul,1
1509,LeHor,3
2356,LeHor,0
2368,LeHor,3
2357,CathrynHem,3
2347,CathrynHem,1
2345,CathrynHem,2
2342,LaritaLil,3
1519,LaritaLil,4
1546,LaritaLil,3
2335,CandidaBea,3
1514,CandidaBea,5
1533,CandidaBea,5
2345,LavonLeu,2
1549,LavonLeu,3
2347,LavonLeu,5
1516,EhtelTom,2
1512,EhtelTom,2
2359,EhtelTom,4
1530,ElkeKet,0
2350,ElkeKet,2
1542,ElkeKet,1
1509,BrianneLig,5
1507,BrianneLig,5
2345,BrianneLig,4
1515,DierdreTor,1
2353,DierdreTor,5
2346,DierdreTor,4
1547,ArlettaBue,0
1542,ArlettaBue,3
1547,ArlettaBue,0
2338,TamaMah,5
1543,TamaMah,4
2351,TamaMah,5
1535,FatimahAcq,0
2360,FatimahAcq,3
2339,FatimahAcq,2
2372,ReneeCor,4
1514,ReneeCor,5
2351,ReneeCor,5
2365,MaryEri,3
2345,MaryEri,3
2348,MaryEri,5
1516,DarcyLon,0
1507,DarcyLon,3
1510,DarcyLon,2
1515,ReaFoa,3
1515,ReaFoa,4
2372,ReaFoa,4
2342,KarylHei,3
2335,KarylHei,2
2355,KarylHei,4
2351,IsrealKet,0
2339,IsrealKet,4
1535,IsrealKet,5
1518,RussellWoh,2
1523,RussellWoh,2
1534,RussellWoh,0
2363,AntionetteLep,5
1538,AntionetteLep,1
2355,AntionetteLep,0
2368,ThomasDel,4
2374,ThomasDel,5
1528,ThomasDel,5
1531,JackelynBee,4
2370,JackelynBee,2
1532,JackelynBee,1
2340,AileneMca,5
1519,AileneMca,4
1519,AileneMca,2
1543,MichikoHey,3
1516,MichikoHey,3
1539,MichikoHey,3
2343,AlexaWea,5
2348,AlexaWea,0
1536,AlexaWea,3
1548,MildaMol,1
1547,MildaMol,3
1516,MildaMol,1
1544,SulemaPou,0
1533,SulemaPou,5
2347,SulemaPou,3
1507,OliveKoc,4
2363,OliveKoc,1
1546,OliveKoc,5
1532,MathildaTap,3
1539,MathildaTap,5
1529,MathildaTap,0
2368,DortheyMor,3
1512,DortheyMor,5
1532,DortheyMor,2
2354,DoloresSim,4
2374,DoloresSim,1
2366,DoloresSim,4
1507,SebastianLeg,2
1511,SebastianLeg,5
1536,SebastianLeg,4
2338,LianePer,1
1514,LianePer,2
1511,LianePer,1
1527,SusanaLok,4
1536,SusanaLok,3
2364,SusanaLok,5
1543,ChanelleKin,0
1538,ChanelleKin,3
1533,ChanelleKin,0
1531,EsterCor,2
1515,EsterCor,2
2338,EsterCor,4
2373,OdetteDen,2
1529,OdetteDen,0
2345,OdetteDen,5
2336,ModestaAbb,2
1534,ModestaAbb,4
1515,ModestaAbb,3
2349,LaquitaLui,0
2338,LaquitaLui,5
2371,LaquitaLui,4
2368,SimaPro,1
1516,SimaPro,5
1545,SimaPro,1
2353,LakishaSun,0
2375,LakishaSun,5
2345,LakishaSun,3
1541,LavonnaWil,1
1506,LavonnaWil,2
2357,LavonnaWil,0
1545,IdellaNic,3
2364,IdellaNic,2
2360,IdellaNic,1
2352,DerickMaz,0
2365,DerickMaz,5
2351,DerickMaz,5
2361,PiperSie,4
1516,PiperSie,5
2366,PiperSie,3
2340,MyrtieCol,1
1516,MyrtieCol,5
1547,MyrtieCol,4
2363,AnnemarieWes,2
1527,AnnemarieWes,0
1550,AnnemarieWes,5
2375,LetishaGar,4
2345,LetishaGar,5
1515,LetishaGar,2
1524,LashandraCam,5
1545,LashandraCam,2
1532,LashandraCam,4
1531,KenaMar,5
1529,KenaMar,5
2345,KenaMar,3
2341,ChayaRyb,3
2347,ChayaRyb,2
2351,ChayaRyb,4
2339,ConchitaBol,1
2364,ConchitaBol,0
2345,ConchitaBol,5
2372,LaelLac,3
2338,LaelLac,4
2345,LaelLac,5
1511,StacyGuy,0
1514,StacyGuy,0
2371,StacyGuy,1
2363,HermelindaHub,0
1535,HermelindaHub,2
1546,HermelindaHub,2
1526,ElmerNun,4
1532,ElmerNun,0
1509,ElmerNun,4
1512,JerrellNor,1
1514,JerrellNor,4
2342,JerrellNor,0
1509,BridgetteLem,4
2338,BridgetteLem,2
1526,BridgetteLem,4
2371,TerrellDec,4
1524,TerrellDec,4
2372,TerrellDec,0
2348,SheaYin,1
1523,SheaYin,5
2334,SheaYin,3
2366,BarberaSim,3
1520,BarberaSim,5
2375,BarberaSim,2
1532,JanitaFin,4
1543,JanitaFin,5
1521,JanitaFin,1
1527,SybilDev,3
2336,SybilDev,2
1539,SybilDev,1
2343,BryannaShu,1
2346,BryannaShu,2
2372,BryannaShu,1
2358,LannyBau,1
1518,LannyBau,3
2366,LannyBau,4
2354,BarabaraSal,1
1512,BarabaraSal,1
1525,BarabaraSal,5
2360,RemonaCam,1
1543,RemonaCam,3
2359,RemonaCam,2
1530,JeromeCra,0
2372,JeromeCra,0
2364,JeromeCra,0
1514,GwendaWhi,3
1525,GwendaWhi,5
1548,GwendaWhi,2
2358,OlaMed,5
1509,OlaMed,1
1515,OlaMed,4
2368,WaldoHix,4
2342,WaldoHix,4
2347,WaldoHix,4
2345,MargaritoBus,0
1516,MargaritoBus,5
1520,MargaritoBus,1
1515,SerenaCor,5
2367,SerenaCor,3
2348,SerenaCor,4
2344,CharisCol,3
1543,CharisCol,3
1517,CharisCol,5
1536,DianeSal,5
1546,DianeSal,1
2344,DianeSal,0
2336,KayleneRig,1
2356,KayleneRig,5
1546,KayleneRig,3
2351,EmileTau,1
1522,EmileTau,4
1536,EmileTau,3
2370,LynnetteCri,5
2365,LynnetteCri,4
1544,LynnetteCri,5
2363,LatinaRot,0
1546,LatinaRot,5
2351,LatinaRot,0
2363,WanetaHep,1
2369,WanetaHep,4
1537,WanetaHep,4
1536,EmeritaLun,2
1537,EmeritaLun,2
1520,EmeritaLun,5
2340,BroderickGil,5
2363,BroderickGil,5
1522,BroderickGil,0
2346,JacquelineSpr,1
2359,JacquelineSpr,1
2368,JacquelineSpr,0
2363,MagdalenaHer,5
1540,MagdalenaHer,1
2370,MagdalenaHer,5
1545,MikaelaDam,5
2372,MikaelaDam,4
2364,MikaelaDam,3
2345,TakishaBri,2
1509,TakishaBri,5
2369,TakishaBri,4
1543,BrettHel,1
1512,BrettHel,3
2340,BrettHel,1
1539,DomenicaMcn,1
2370,DomenicaMcn,3
2366,DomenicaMcn,1
1519,JungNos,4
1544,JungNos,1
1510,JungNos,3
2354,AnnamaeMar,5
1535,AnnamaeMar,1
1530,AnnamaeMar,5
1532,MirellaZac,1
1545,MirellaZac,2
1510,MirellaZac,1
2356,EvelinaMac,2
1531,EvelinaMac,1
2368,EvelinaMac,2
1541,CharlottePag,0
1526,CharlottePag,3
1522,CharlottePag,0
1543,DavidBuo,4
1534,DavidBuo,4
1528,DavidBuo,5
2338,VernettaMel,4
1536,VernettaMel,2
2357,VernettaMel,0
1530,WillaHar,4
2338,WillaHar,1
2342,WillaHar,1
2362,JillNew,0
2358,JillNew,2
1538,JillNew,4
1508,ShawnnaCas,4
1543,ShawnnaCas,4
2340,ShawnnaCas,4
1545,BethanyDon,1
1508,BethanyDon,5
2338,BethanyDon,1
2341,AsleyHoa,3
2338,AsleyHoa,0
1535,AsleyHoa,5
2361,GertudeLam,4
1511,GertudeLam,3
2345,GertudeLam,2
2360,WarnerDon,3
1511,WarnerDon,3
2359,WarnerDon,3
2361,ShielaSch,4
2340,ShielaSch,3
1516,ShielaSch,2
1530,CristenBut,0
2347,CristenBut,4
1508,CristenBut,5
2353,TheresiaHop,4
1513,TheresiaHop,3
2374,TheresiaHop,0
2346,PaolaBlu,2
2336,PaolaBlu,0
2346,PaolaBlu,3
1528,PearleLam,2
1519,PearleLam,5
2334,PearleLam,0
2361,SheilahHui,4
1529,SheilahHui,0
1509,SheilahHui,5
1516,MazieDes,1
2341,MazieDes,5
2349,MazieDes,4
1520,ForrestAme,0
2345,ForrestAme,2
2354,ForrestAme,4
1506,TerrellHar,2
2360,TerrellHar,2
2355,TerrellHar,1
2373,BarbarMar,3
2353,BarbarMar,1
1518,BarbarMar,5
2374,LyndonHei,4
2347,LyndonHei,1
2361,LyndonHei,4
2351,EdaRed,4
2346,EdaRed,2
1546,EdaRed,1
1533,CraigFul,3
1539,CraigFul,5
2341,CraigFul,3
2370,MagenPel,4
1535,MagenPel,3
1523,MagenPel,4
1510,DespinaTin,4
2370,DespinaTin,5
1540,DespinaTin,5
2376,HoaKon,5
1548,HoaKon,2
1537,HoaKon,1
1542,GiannaHol,5
1546,GiannaHol,3
2355,GiannaHol,1
1526,ErinPat,0
2346,ErinPat,1
1512,ErinPat,2
1541,JaneAmb,3
1511,JaneAmb,1
1536,JaneAmb,0
1511,BulaMcc,5
2335,BulaMcc,0
2351,BulaMcc,4
2336,LornaCan,4
1536,LornaCan,0
2374,LornaCan,5
1542,RubiHoo,1
1516,RubiHoo,3
2342,RubiHoo,3
2350,BridgetteFel,0
1511,BridgetteFel,3
1522,BridgetteFel,4
2370,ArlieCap,5
1536,ArlieCap,5
1539,ArlieCap,5
2374,MuiVeg,3
1538,MuiVeg,0
2370,MuiVeg,3
1528,DonnellSut,1
1527,DonnellSut,5
1535,DonnellSut,0
2359,OctavioZac,5
2370,OctavioZac,1
1549,OctavioZac,0
2361,JamelSto,2
2359,JamelSto,0
2336,JamelSto,4
1536,TovaJol,0
1516,TovaJol,5
2345,TovaJol,3
2364,ChiquitaAve,0
2349,ChiquitaAve,1
2364,ChiquitaAve,3
1547,KimberliSal,0
2348,KimberliSal,4
1527,KimberliSal,3
1548,RosiaMor,1
1538,RosiaMor,4
1532,RosiaMor,5
2345,AgathaDen,1
2357,AgathaDen,5
2362,AgathaDen,2
1516,ElmoBya,3
1515,ElmoBya,0
1519,ElmoBya,5
2362,ColleneWit,3
2338,ColleneWit,1
2366,ColleneWit,3
1523,WilliemaeGue,4
1541,WilliemaeGue,5
2370,WilliemaeGue,2
1516,ErynRat,1
1535,ErynRat,3
2353,ErynRat,4
1513,EliasGun,1
1515,EliasGun,3
2344,EliasGun,3
1536,DavisStg,1
2355,DavisStg,1
1516,DavisStg,0
2349,SherrieBau,3
1512,SherrieBau,1
2358,SherrieBau,1
2359,HiltonCav,5
2357,HiltonCav,1
1532,HiltonCav,4
1538,AileenCam,0
2369,AileenCam,2
2346,AileenCam,5
1516,AngelikaRit,1
2375,AngelikaRit,2
2340,AngelikaRit,3
1508,ArdellaGut,4
2373,ArdellaGut,1
1543,ArdellaGut,5
1522,MohamedMin,2
2370,MohamedMin,1
1514,MohamedMin,2
1519,CyrstalAlt,3
1536,CyrstalAlt,0
2349,CyrstalAlt,1
1544,TrinaMcc,0
2337,TrinaMcc,3
1521,TrinaMcc,5
2358,MercedezGar,5
2349,MercedezGar,4
2358,MercedezGar,4
2368,EustoliaPar,0
1537,EustoliaPar,1
2365,EustoliaPar,2
1548,ArdisGam,5
2337,ArdisGam,2
1522,ArdisGam,3
2346,EvelynGui,2
2356,EvelynGui,4
2339,EvelynGui,0
2365,InezCra,0
1548,InezCra,3
1506,InezCra,4
1544,ShenaStr,3
2365,ShenaStr,3
1512,ShenaStr,4
2370,MadeleneVer,3
1516,MadeleneVer,1
2342,MadeleneVer,0
1510,TammiHow,1
1509,TammiHow,0
1539,TammiHow,4
2337,TawnaPri,0
2357,TawnaPri,3
1519,TawnaPri,5
1522,SamualLis,0
1532,SamualLis,5
2346,SamualLis,3
2345,VoncileTru,4
1549,VoncileTru,3
2365,VoncileTru,0
1548,MintaBen,4
1549,MintaBen,3
2351,MintaBen,3
2345,JessicaMar,0
2366,JessicaMar,3
2351,JessicaMar,4
2339,LewisBen,3
2376,LewisBen,0
2336,LewisBen,1
1521,BrigitteHal,1
1547,BrigitteHal,5
1507,BrigitteHal,0
2364,ArleenHok,0
1540,ArleenHok,3
2361,ArleenHok,5
2374,NatalyaCul,5
1532,NatalyaCul,0
1528,NatalyaCul,0
2370,MendyMal,5
2338,MendyMal,5
1536,MendyMal,5
1540,LeoraPat,0
2335,LeoraPat,2
1531,LeoraPat,2
2366,DanteFer,1
2347,DanteFer,2
2358,DanteFer,2
1530,KrystleCar,1
2338,KrystleCar,3
1545,KrystleCar,3
2344,KerriSel,0
1514,KerriSel,1
1525,KerriSel,2
1538,BulahWit,5
2373,BulahWit,4
1507,BulahWit,2
2350,RollandNew,5
2370,RollandNew,4
2351,RollandNew,1
1545,JanetCro,2
2374,JanetCro,5
1545,JanetCro,5
2362,MaybelleLew,4
1522,MaybelleLew,1
2371,MaybelleLew,0
2339,LanieBue,5
1527,LanieBue,3
1534,LanieBue,1
2350,SamellaSta,3
1526,SamellaSta,4
2370,SamellaSta,0
2342,EstelleSch,2
1514,EstelleSch,0
2357,EstelleSch,5
2366,EliCad,0
2368,EliCad,0
2373,EliCad,3
1520,GemmaAhn,2
2342,GemmaAhn,2
1544,GemmaAhn,3
2367,MerlynWag,5
1544,MerlynWag,4
1509,MerlynWag,4
2365,TarynJac,3
2361,TarynJac,1
1516,TarynJac,2
1537,BarbGlo,1
1536,BarbGlo,5
1533,BarbGlo,5
2365,KazukoDev,3
1542,KazukoDev,1
2351,KazukoDev,3
2349,RegenaMor,1
2373,RegenaMor,1
1547,RegenaMor,2
2363,DoreathaTel,3
2370,DoreathaTel,3
2356,DoreathaTel,5
2341,CordieQua,5
2346,CordieQua,3
1527,CordieQua,5
2364,BrigidaMil,3
1516,BrigidaMil,1
2352,BrigidaMil,3
1529,AlphaFor,4
1539,AlphaFor,3
1528,AlphaFor,3
2346,PerlaVas,5
2337,PerlaVas,1
1528,PerlaVas,2
1541,MaxwellNor,3
2361,MaxwellNor,3
1520,MaxwellNor,3
1536,RayDub,1
2364,RayDub,5
1542,RayDub,0
2372,LucianaRid,1
1520,LucianaRid,2
2363,LucianaRid,2
2342,SherrySal,1
2367,SherrySal,2
1538,SherrySal,3
1521,OmegaBat,2
1523,OmegaBat,2
2357,OmegaBat,3
1549,RaeRod,3
1536,RaeRod,3
2360,RaeRod,2
1534,LatoniaHar,2
1516,LatoniaHar,4
2367,LatoniaHar,5
1515,KarolynLam,1
2362,KarolynLam,0
1529,KarolynLam,1
2346,TamekiaJan,1
1537,TamekiaJan,5
2351,TamekiaJan,2
1510,EvanRos,0
1542,EvanRos,3
1526,EvanRos,5
2355,FlorenceMot,2
2334,FlorenceMot,4
1518,FlorenceMot,1
2373,JeanettTu,0
1533,JeanettTu,4
2336,JeanettTu,3
1533,ShielaTag,1
1530,ShielaTag,0
1526,ShielaTag,0
1547,ShawannaAld,4
2356,ShawannaAld,0
1508,ShawannaAld,5
1545,TranBuc,1
1547,TranBuc,5
2342,TranBuc,3
2355,RegeniaNaj,3
1512,RegeniaNaj,5
2359,RegeniaNaj,1
1515,JosephineCle,2
1514,JosephineCle,1
1536,JosephineCle,3
2371,DannetteDai,0
1528,DannetteDai,0
2370,DannetteDai,3
1535,GeorgiannGro,2
2351,GeorgiannGro,3
2364,GeorgiannGro,3
1530,RhondaBer,0
2373,RhondaBer,3
1528,RhondaBer,2
2359,FlorentinaPen,1
2343,FlorentinaPen,4
2360,FlorentinaPen,4
2353,PrinceUzz,5
1521,PrinceUzz,4
2376,PrinceUzz,4
1523,EchoHea,2
1529,EchoHea,0
2335,EchoHea,2
2351,DanialKoz,4
2373,DanialKoz,4
2336,DanialKoz,4
2372,MeridithLou,4
2349,MeridithLou,1
1536,MeridithLou,4
2336,RaguelBod,4
1522,RaguelBod,2
2367,RaguelBod,3
1539,DwainDag,5
1529,DwainDag,4
1540,DwainDag,1
2368,ReginiaSan,2
1512,ReginiaSan,5
2345,ReginiaSan,2
1537,AuraBer,5
2362,AuraBer,5
2358,AuraBer,3
2349,EdelmiraMci,5
2364,EdelmiraMci,1
2340,EdelmiraMci,3
1550,JacqulineLin,0
1508,JacqulineLin,1
2340,JacqulineLin,5
1522,DenitaPru,1
2338,DenitaPru,5
1526,DenitaPru,0
2334,FaithKot,4
2366,FaithKot,4
1535,FaithKot,3
2342,JaneanCao,3
2345,JaneanCao,2
1538,JaneanCao,1
2365,SanoraMcn,5
2354,SanoraMcn,0
1528,SanoraMcn,0
1527,GiuseppeReg,2
1529,GiuseppeReg,4
1535,GiuseppeReg,5
1546,ChandaBee,2
1546,ChandaBee,5
2336,ChandaBee,0
2368,MoriahEng,2
2372,MoriahEng,2
2349,MoriahEng,4
2364,LizabethDau,2
1536,LizabethDau,0
1511,LizabethDau,0
1543,QianaMol,2
2367,QianaMol,3
2345,QianaMol,0
1519,LuluAcr,2
2336,LuluAcr,1
1528,LuluAcr,1
2367,DorianRum,0
2343,DorianRum,2
1523,DorianRum,3
1528,SamRoo,4
2375,SamRoo,0
2345,SamRoo,2
1544,AdenaAva,5
2364,AdenaAva,4
2357,AdenaAva,4
2374,RoxanaPin,1
2366,RoxanaPin,3
2357,RoxanaPin,2
2344,ZaidaHun,5
2352,ZaidaHun,2
1550,ZaidaHun,2
2358,VaughnSwa,5
1538,VaughnSwa,1
2348,VaughnSwa,3
1513,RayfordBen,2
2368,RayfordBen,1
1544,RayfordBen,1
1519,CoreenStr,1
2372,CoreenStr,4
1539,CoreenStr,1
2370,SaritaEll,4
1546,SaritaEll,0
2361,SaritaEll,5
1535,SaraOls,5
2359,SaraOls,1
1545,SaraOls,1
1529,AlanaHig,5
2363,AlanaHig,3
1532,AlanaHig,1
1525,MichealLeg,0
2342,MichealLeg,5
1550,MichealLeg,5
2351,LaurenMel,4
2360,LaurenMel,0
1536,LaurenMel,3
1511,JonathanSud,0
2373,JonathanSud,2
1545,JonathanSud,5
1510,KareemGin,3
2374,KareemGin,1
1521,KareemGin,4
2344,MellisaHos,3
1516,MellisaHos,0
2336,MellisaHos,0
2367,EufemiaDuq,1
2338,EufemiaDuq,1
2341,EufemiaDuq,1
1546,LurlinePer,4
1536,LurlinePer,2
2357,LurlinePer,1
2371,EvangelineYel,2
1538,EvangelineYel,0
2346,EvangelineYel,5
1535,ChanaRue,2
2362,ChanaRue,3
1522,ChanaRue,3
2372,JeffMat,5
2363,JeffMat,5
2337,JeffMat,2
2357,PaulaKas,3
2376,PaulaKas,3
2346,PaulaKas,3
2369,JuanaSch,0
1544,JuanaSch,4
2371,JuanaSch,3
2360,ClorindaRae,0
1545,ClorindaRae,2
2343,ClorindaRae,2
2356,DelilahKes,2
2364,DelilahKes,4
1508,DelilahKes,5
2336,TerenceRab,0
1534,TerenceRab,2
1522,TerenceRab,5
1535,KenaFel,1
2345,KenaFel,0
2369,KenaFel,1
2345,WenonaRos,3
2367,WenonaRos,3
2364,WenonaRos,2
2345,VitaBra,1
2348,VitaBra,4
1547,VitaBra,5
1518,JackieVan,1
2334,JackieVan,2
1519,JackieVan,0
1520,CiaraGra,0
2343,CiaraGra,4
1536,CiaraGra,0
1545,CandaceGea,1
1525,CandaceGea,4
2364,CandaceGea,0
2358,JanayBer,0
1535,JanayBer,1
1516,JanayBer,1
2359,ChaeSey,2
1545,ChaeSey,2
1515,ChaeSey,5
1528,ValdaHym,1
1530,ValdaHym,0
2364,ValdaHym,3
2337,CecilaSai,3
2371,CecilaSai,3
2337,CecilaSai,0
2337,JaDim,0
2352,JaDim,3
2346,JaDim,0
2370,PearlDit,3
2345,PearlDit,3
2375,PearlDit,4
2336,HyunGer,2
2343,HyunGer,1
1518,HyunGer,2
2344,RonaSil,2
1527,RonaSil,2
2349,RonaSil,5
2342,OlympiaPit,1
2346,OlympiaPit,0
2374,OlympiaPit,2
1545,MaricelaSpi,4
2342,MaricelaSpi,5
2366,MaricelaSpi,0
2375,AlethaHuw,5
1516,AlethaHuw,0
1529,AlethaHuw,5
1548,SofiaBra,3
2364,SofiaBra,5
2335,SofiaBra,0
2370,JaniOrc,1
1525,JaniOrc,0
1544,JaniOrc,1
2342,FayHam,4
2338,FayHam,5
1511,FayHam,4
1515,ReynaldoBor,4
1526,ReynaldoBor,3
1533,ReynaldoBor,1
1507,JoniLau,4
2343,JoniLau,1
2345,JoniLau,3
2372,BradfordLil,4
1543,BradfordLil,4
1532,BradfordLil,0
1521,DomitilaHam,0
2368,DomitilaHam,1
2353,DomitilaHam,2
1523,DremaMar,5
2366,DremaMar,2
1508,DremaMar,5
2371,RosamariaDri,1
2349,RosamariaDri,2
2341,RosamariaDri,0
2336,KatiaFra,1
2338,KatiaFra,4
1543,KatiaFra,3
2375,CaitlinHin,4
2360,CaitlinHin,4
2364,CaitlinHin,3
1541,JennellBru,3
1535,JennellBru,3
1522,JennellBru,1
1516,DaniellZie,0
1532,DaniellZie,3
1534,DaniellZie,2
1519,MariluOma,0
1531,MariluOma,0
2341,MariluOma,0
2348,WilburChi,2
2335,WilburChi,1
2358,WilburChi,1
2349,ElfriedaTat,5
1543,ElfriedaTat,2
2335,ElfriedaTat,5
2367,KimberelyEnn,2
2370,KimberelyEnn,3
2349,KimberelyEnn,3
2341,AshleighSta,5
1546,AshleighSta,2
2370,AshleighSta,1
1519,SheraAde,5
1515,SheraAde,3
2340,SheraAde,3
1514,CalebTre,5
2340,CalebTre,5
1536,CalebTre,5
2374,InaAgu,0
2365,InaAgu,5
1541,InaAgu,3
2343,KarinBue,0
2369,KarinBue,3
1543,KarinBue,0
2335,KrystinGer,2
1538,KrystinGer,5
2375,KrystinGer,1
1534,KarryCho,4
1525,KarryCho,0
2345,KarryCho,5
2365,TamikoBer,5
2337,TamikoBer,2
2353,TamikoBer,1
2338,RubyeStg,5
2345,RubyeStg,2
2354,RubyeStg,3
1508,AlphonsoBan,1
1544,AlphonsoBan,1
2364,AlphonsoBan,3
1506,TarraFau,3
2345,TarraFau,4
2351,TarraFau,3
1516,AlleenAla,0
2372,AlleenAla,3
2334,AlleenAla,1
1516,ElbertGri,3
2374,ElbertGri,5
2344,ElbertGri,1
2370,EveliaJus,4
2369,EveliaJus,3
2370,EveliaJus,5
2338,TemekaPye,4
1540,TemekaPye,0
1516,TemekaPye,3
1532,MerlinCri,1
2359,MerlinCri,2
1545,MerlinCri,5
1526,SantanaBru,1
2348,SantanaBru,5
1535,SantanaBru,0
1535,DarenSiz,5
2368,DarenSiz,2
2358,DarenSiz,5
1525,ChongCur,1
2370,ChongCur,0
2337,ChongCur,3
1519,HermineNob,1
1532,HermineNob,0
2336,HermineNob,4
2372,WaltraudBro,5
1506,WaltraudBro,1
2368,WaltraudBro,4
1538,EdrisPer,3
1546,EdrisPer,1
2334,EdrisPer,4
2339,KristoferTri,1
2351,KristoferTri,1
1534,KristoferTri,4
2358,ArvillaBer,1
1511,ArvillaBer,1
1520,ArvillaBer,2
2347,JessieKri,0
1532,JessieKri,0
2361,JessieKri,5
1531,VerdaGra,0
2358,VerdaGra,4
1507,VerdaGra,5
2337,GriselTol,3
1534,GriselTol,3
1520,GriselTol,5
1523,BrandenNic,4
1529,BrandenNic,1
2375,BrandenNic,3
2337,StaciGin,3
1538,StaciGin,2
2350,StaciGin,3
2338,ShirelyObo,1
1508,ShirelyObo,5
2347,ShirelyObo,2
1508,MarkusWal,0
1549,MarkusWal,4
2340,MarkusWal,5
2339,DaisyMcc,1
2348,DaisyMcc,4
2345,DaisyMcc,4
2347,HomerWil,4
2345,HomerWil,0
1545,HomerWil,2
1546,BaileyDew,5
1548,BaileyDew,0
2357,BaileyDew,1
2361,DianneRom,2
2345,DianneRom,1
1543,DianneRom,2
