677027,Hip-Hop
677036,Rock
677029,Latin
677036,Rock
677036,Rock
677027,Hip-Hop
677036,Rock
677038,Electronic
677036,Rock
676990,Bachata
677036,Rock
677036,Rock
677035,New Age
677036,Rock
677025,Folk
677036,Rock
677036,Rock
677038,Electronic
676666,Books & Spoken
677022,Jazz
677032,R&B
677032,R&B
677036,Rock
677036,Rock
677031,Country
677027,Hip-Hop
676988,World
677003,Soundtrack
677036,Rock
677036,Rock
677025,Folk
677036,Rock
677036,Rock
677036,Rock
677038,Electronic
677036,Rock
677022,Jazz
677027,Hip-Hop
677036,Rock
676993,Christmas
677038,Electronic
676986,Pop
677036,Rock
677036,Rock
677035,New Age
676970,Gospel & Religious
677036,Rock
677036,Rock
677029,Latin
677003,Soundtrack
676988,World
677036,Rock
676986,Pop
677038,Electronic
677036,Rock
676986,Pop
677036,Rock
677031,Country
677031,Country
677031,Country
676986,Pop
677036,Rock
677036,Rock
677036,Rock
677036,Rock
677029,Latin
677027,Hip-Hop
677022,Jazz
677022,Jazz
677036,Rock
676986,Pop
677036,Rock
676962,gospel
677022,Jazz
676988,World
677014,Dance
677027,Hip-Hop
677031,Country
677017,Reggae
677032,R&B
677036,Rock
677036,Rock
677032,R&B
677036,Rock
677029,Latin
677017,Reggae
677038,Electronic
677036,Rock
677036,Rock
676986,Pop
677036,Rock
677031,Country
677017,Reggae
677036,Rock
677036,Rock
676986,Pop
677029,Latin
671025,Kizomba
677036,Rock
677036,Rock
677035,New Age
677017,Reggae
677031,Country
676962,gospel
677036,Rock
677027,Hip-Hop
677031,Country
677038,Electronic
676949,Techno
677031,Country
677036,Rock
677036,Rock
677036,Rock
676986,Pop
677036,Rock
677003,Soundtrack
677036,Rock
677038,Electronic
677036,Rock
677036,Rock
676949,Techno
677036,Rock
676970,Gospel & Religious
676986,Pop
677036,Rock
677036,Rock
677036,Rock
677036,Rock
677036,Rock
677036,Rock
677036,Rock
677034,Electronica/Dance
52279,Wellness
676993,Christmas
676986,Pop
677025,Folk
676988,World
677022,Jazz
677027,Hip-Hop
677036,Rock
676988,World
677036,Rock
641627,Stoner Metal
677036,Rock
677031,Country
677022,Jazz
677003,Soundtrack
677036,Rock
676986,Pop
677036,Rock
676986,Pop
677036,Rock
677036,Rock
677038,Electronic
677036,Rock
676986,Pop
677003,Soundtrack
677036,Rock
677036,Rock
676988,World
676804,Classical
677029,Latin
677036,Rock
660251,Bahamian
677036,Rock
677003,Soundtrack
677027,Hip-Hop
677036,Rock
677038,Electronic
677036,Rock
677022,Jazz
677017,Reggae
677036,Rock
677036,Rock
677036,Rock
677017,Reggae
677031,Country
676891,Hardcore
677027,Hip-Hop
677027,Hip-Hop
676760,Easy Listening
677031,Country
677036,Rock
677003,Soundtrack
677036,Rock
676986,Pop
677036,Rock
677022,Jazz
676740,Bhangra
677027,Hip-Hop
676760,Easy Listening
677034,Electronica/Dance
975,Classic Music
677036,Rock
676986,Pop
676993,Christmas
676992,Trance
677022,Jazz
677027,Hip-Hop
676804,Classical
677003,Soundtrack
674837,Greek
676986,Pop
677036,Rock
677035,New Age
677022,Jazz
677025,Folk
677027,Hip-Hop
676986,Pop
677022,Jazz
676993,Christmas
677038,Electronic
676970,Gospel & Religious
676988,World
676988,World
676915,Drum & Bass
677022,Jazz
676986,Pop
677022,Jazz
677032,R&B
676986,Pop
677003,Soundtrack
677036,Rock
676986,Pop
677036,Rock
677003,Soundtrack
677031,Country
677036,Rock
677027,Hip-Hop
677035,New Age
676986,Pop
677036,Rock
676697,Ambient
677036,Rock
677036,Rock
677031,Country
677036,Rock
677022,Jazz
677032,R&B
677036,Rock
677036,Rock
677036,Rock
677014,Dance
677027,Hip-Hop
677027,Hip-Hop
663126,Charanga
676986,Pop
677036,Rock
677036,Rock
676988,World
676986,Pop
670785,Timba
677036,Rock
677036,Rock
677022,Jazz
677027,Hip-Hop
676986,Pop
1384,Noharmnofowl.net
677036,Rock
677036,Rock
652147,Ragga/Reggae/Hip Hop
677036,Rock
677036,Rock
677022,Jazz
677017,Reggae
1412,Balkan Beats
677032,R&B
676581,Comedy
676986,Pop
677017,Reggae
677036,Rock
677036,Rock
677036,Rock
676988,World
677032,R&B
676986,Pop
677036,Rock
677032,R&B
677036,Rock
677036,Rock
677036,Rock
677027,Hip-Hop
677031,Country
677036,Rock
677032,R&B
677036,Rock
677025,Folk
677038,Electronic
677029,Latin
677034,Electronica/Dance
677036,Rock
677003,Soundtrack
677036,Rock
677036,Rock
677036,Rock
677003,Soundtrack
677036,Rock
677036,Rock
677036,Rock
677036,Rock
677029,Latin
677032,R&B
677036,Rock
677031,Country
677029,Latin
677036,Rock
677029,Latin
677031,Country
676988,World
677036,Rock
676986,Pop
677036,Rock
676460,Hip Hop - Deutschland
677036,Rock
676986,Pop
677036,Rock
677029,Latin
677036,Rock
676986,Pop
677027,Hip-Hop
676970,Gospel & Religious
676986,Pop
677036,Rock
674837,Greek
677036,Rock
676986,Pop
677022,Jazz
677032,R&B
676760,Easy Listening
676986,Pop
677036,Rock
677038,Electronic
677036,Rock
677036,Rock
677031,Country
677036,Rock
677025,Folk
677003,Soundtrack
677036,Rock
677003,Soundtrack
677036,Rock
677022,Jazz
677036,Rock
677036,Rock
677032,R&B
676986,Pop
676986,Pop
677038,Electronic
677038,Electronic
677017,Reggae
677035,New Age
677036,Rock
677031,Country
677017,Reggae
610186,Alternative Hip-Hop/Rap
677036,Rock
677036,Rock
676574,Reggaeton
677036,Rock
677027,Hip-Hop
677036,Rock
677014,Dance
677029,Latin
677031,Country
677036,Rock
677036,Rock
677035,New Age
677036,Rock
677036,Rock
676915,Drum & Bass
677034,Electronica/Dance
677036,Rock
677036,Rock
676962,gospel
676986,Pop
677003,Soundtrack
676925,Children's Music
676915,Drum & Bass
677025,Folk
677036,Rock
676626,Southern Gospel
677036,Rock
677036,Rock
677034,Electronica/Dance
677027,Hip-Hop
677031,Country
677036,Rock
677036,Rock
677036,Rock
677022,Jazz
677031,Country
677036,Rock
677036,Rock
677014,Dance
677036,Rock
677017,Reggae
676988,World
676986,Pop
677036,Rock
677036,Rock
677022,Jazz
676988,World
677037,House
677036,Rock
676962,gospel
677036,Rock
653531,iskelmä
676986,Pop
677036,Rock
677036,Rock
677036,Rock
677036,Rock
677022,Jazz
677029,Latin
677036,Rock
677036,Rock
677036,Rock
677038,Electronic
677022,Jazz
677027,Hip-Hop
677036,Rock
677022,Jazz
677027,Hip-Hop
677036,Rock
677036,Rock
677036,Rock
677031,Country
677017,Reggae
677036,Rock
497890,Hip Hop classic
676962,gospel
677036,Rock
677032,R&B
677025,Folk
607410,Pop: Singer-Songwriter
677003,Soundtrack
677027,Hip-Hop
677003,Soundtrack
677035,New Age
676986,Pop
677031,Country
676986,Pop
676804,Classical
677036,Rock
676891,Hardcore
677036,Rock
480445,Artist Pages Filter Nodes
677029,Latin
677027,Hip-Hop
663742,SaoCore
677003,Soundtrack
676760,Easy Listening
677031,Country
676988,World
677025,Folk
676986,Pop
676970,Gospel & Religious
677027,Hip-Hop
613568,A ouvir
677038,Electronic
676986,Pop
677036,Rock
677036,Rock
677036,Rock
677032,R&B
676986,Pop
676934,Other
672184,Chill
677027,Hip-Hop
676986,Pop
677031,Country
676581,Comedy
677031,Country
677036,Rock
677022,Jazz
677031,Country
677036,Rock
676986,Pop
676986,Pop
677036,Rock
646250,Musiques du monde
676986,Pop
677036,Rock
677017,Reggae
677036,Rock
677017,Reggae
676949,Techno
677031,Country
677036,Rock
677031,Country
677036,Rock
677036,Rock
677025,Folk
677029,Latin
677022,Jazz
677036,Rock
677036,Rock
677036,Rock
677029,Latin
676925,Children's Music
676962,gospel
677003,Soundtrack
677036,Rock
677017,Reggae
677029,Latin
677025,Folk
677036,Rock
677022,Jazz
677036,Rock
677036,Rock
677036,Rock
500802,Bubblegum Pop
677031,Country
677031,Country
677036,Rock
677036,Rock
653391,Forró
430514,Old Skool (Hardcore)
677031,Country
677038,Electronic
677032,R&B
651326,Jazz Pop
592785,Black Metal / Sympho Metal
641845,Cajun, Creole & Zydeco
677036,Rock
673991,Instrumental
677017,Reggae
677027,Hip-Hop
677032,R&B
676988,World
677025,Folk
676925,Children's Music
677036,Rock
670725,Juke
677036,Rock
676970,Gospel & Religious
676970,Gospel & Religious
677038,Electronic
677036,Rock
677038,Electronic
677022,Jazz
676986,Pop
677022,Jazz
677036,Rock
677031,Country
677036,Rock
674837,Greek
677017,Reggae
677031,Country
677032,R&B
677036,Rock
677036,Rock
677003,Soundtrack
677032,R&B
677036,Rock
677036,Rock
677003,Soundtrack
677036,Rock
666930,Blackened Death Metal
677017,Reggae
677017,Reggae
677036,Rock
677036,Rock
677029,Latin
677036,Rock
677027,Hip-Hop
677029,Latin
677036,Rock
670725,Juke
677036,Rock
677036,Rock
677022,Jazz
677036,Rock
677032,R&B
677036,Rock
677036,Rock
677036,Rock
677036,Rock
677022,Jazz
676988,World
677036,Rock
677036,Rock
677036,Rock
676986,Pop
676970,Gospel & Religious
676986,Pop
677036,Rock
677029,Latin
676962,gospel
677029,Latin
677036,Rock
676986,Pop
677036,Rock
677036,Rock
676986,Pop
677014,Dance
677036,Rock
677029,Latin
677036,Rock
677022,Jazz
676986,Pop
677032,R&B
677036,Rock
677036,Rock
677031,Country
677003,Soundtrack
677003,Soundtrack
677035,New Age
673991,Instrumental
676986,Pop
677027,Hip-Hop
676760,Easy Listening
677031,Country
677027,Hip-Hop
677027,Hip-Hop
677034,Electronica/Dance
677027,Hip-Hop
677036,Rock
677034,Electronica/Dance
677017,Reggae
677029,Latin
677036,Rock
677022,Jazz
677036,Rock
676986,Pop
677036,Rock
677036,Rock
677036,Rock
676986,Pop
617541,Cowboy/Western
653391,Forró
677036,Rock
677036,Rock
677036,Rock
677036,Rock
677036,Rock
677036,Rock
677017,Reggae
677036,Rock
677036,Rock
677022,Jazz
677036,Rock
676962,gospel
677031,Country
677029,Latin
676760,Easy Listening
633094,Afro Caribe
540751,Pop-Punk/Hardcore
677036,Rock
677027,Hip-Hop
677036,Rock
677036,Rock
676970,Gospel & Religious
677036,Rock
676986,Pop
677017,Reggae
677036,Rock
676988,World
676970,Gospel & Religious
676962,gospel
676988,World
677036,Rock
677036,Rock
677027,Hip-Hop
677036,Rock
675533,Bay Area Shit
677017,Reggae
677036,Rock
677036,Rock
677029,Latin
677029,Latin
677036,Rock
677036,Rock
677036,Rock
677022,Jazz
677036,Rock
677003,Soundtrack
676986,Pop
677034,Electronica/Dance
677022,Jazz
677036,Rock
677017,Reggae
676970,Gospel & Religious
677038,Electronic
677029,Latin
677036,Rock
677036,Rock
677027,Hip-Hop
676986,Pop
677027,Hip-Hop
677022,Jazz
677027,Hip-Hop
676970,Gospel & Religious
677017,Reggae
677017,Reggae
677038,Electronic
677031,Country
677031,Country
677025,Folk
677017,Reggae
677027,Hip-Hop
677022,Jazz
677035,New Age
677031,Country
676986,Pop
677017,Reggae
677036,Rock
677017,Reggae
677036,Rock
677036,Rock
677036,Rock
677036,Rock
677027,Hip-Hop
677036,Rock
676934,Other
677031,Country
677038,Electronic
677031,Country
677003,Soundtrack
677036,Rock
677038,Electronic
677031,Country
677022,Jazz
676986,Pop
666205,Zydeco
677036,Rock
677034,Electronica/Dance
677027,Hip-Hop
676992,Trance
677017,Reggae
677036,Rock
677036,Rock
676581,Comedy
677036,Rock
677036,Rock
677031,Country
652304,Hymn
677003,Soundtrack
676988,World
677027,Hip-Hop
677036,Rock
677036,Rock
677036,Rock
677036,Rock
677017,Reggae
676986,Pop
677029,Latin
677003,Soundtrack
676986,Pop
677036,Rock
677032,R&B
677036,Rock
677036,Rock
677034,Electronica/Dance
677025,Folk
677036,Rock
677032,R&B
676962,gospel
676962,gospel
677017,Reggae
677035,New Age
676986,Pop
677036,Rock
677025,Folk
677037,House
677036,Rock
677022,Jazz
661784,1Country
677036,Rock
677036,Rock
677036,Rock
677036,Rock
677036,Rock
677003,Soundtrack
676988,World
677027,Hip-Hop
676986,Pop
677029,Latin
677036,Rock
677029,Latin
677022,Jazz
677036,Rock
677022,Jazz
677034,Electronica/Dance
677036,Rock
677036,Rock
677036,Rock
677036,Rock
677036,Rock
677036,Rock
493626,Congo
677036,Rock
669529,Hip-Hop D
677032,R&B
677036,Rock
676986,Pop
677036,Rock
676970,Gospel & Religious
677036,Rock
677003,Soundtrack
676986,Pop
677036,Rock
676949,Techno
677036,Rock
677031,Country
677017,Reggae
677022,Jazz
677031,Country
677038,Electronic
677003,Soundtrack
677027,Hip-Hop
676986,Pop
676986,Pop
676986,Pop
677036,Rock
677036,Rock
677036,Rock
677036,Rock
677038,Electronic
677036,Rock
677027,Hip-Hop
676988,World
677036,Rock
677036,Rock
677031,Country
677032,R&B
677032,R&B
677036,Rock
677029,Latin
676986,Pop
677036,Rock
671403,Rumba
676986,Pop
677036,Rock
677031,Country
677036,Rock
677036,Rock
677036,Rock
677036,Rock
677025,Folk
677027,Hip-Hop
677003,Soundtrack
677036,Rock
677036,Rock
676986,Pop
675077,MPB
677031,Country
494293,General Country Pop
677029,Latin
677029,Latin
677031,Country
677032,R&B
677022,Jazz
677014,Dance
677036,Rock
677027,Hip-Hop
677032,R&B
677022,Jazz
677022,Jazz
648612,Special
677027,Hip-Hop
677036,Rock
677036,Rock
677036,Rock
677031,Country
677038,Electronic
677022,Jazz
677017,Reggae
676986,Pop
677036,Rock
677036,Rock
677031,Country
677027,Hip-Hop
676986,Pop
677036,Rock
651326,Jazz Pop
677036,Rock
677031,Country
677017,Reggae
676988,World
677029,Latin
4705,Tanzania
677036,Rock
677036,Rock
677038,Electronic
677025,Folk
677036,Rock
677036,Rock
677017,Reggae
676970,Gospel & Religious
676970,Gospel & Religious
665302,Irish Traditional
677036,Rock
677038,Electronic
677036,Rock
677036,Rock
677034,Electronica/Dance
677003,Soundtrack
677032,R&B
677036,Rock
677035,New Age
677017,Reggae
677031,Country
677036,Rock
677017,Reggae
677027,Hip-Hop
677017,Reggae
677036,Rock
676581,Comedy
653391,Forró
677031,Country
677029,Latin
677036,Rock
677031,Country
677032,R&B
677034,Electronica/Dance
677029,Latin
677036,Rock
677036,Rock
677036,Rock
677036,Rock
677036,Rock
677036,Rock
677027,Hip-Hop
676760,Easy Listening
677029,Latin
676666,Books & Spoken
677036,Rock
660213,Rock, World
677038,Electronic
677027,Hip-Hop
677036,Rock
677036,Rock
676986,Pop
677036,Rock
676993,Christmas
677036,Rock
676986,Pop
676934,Other
677031,Country
677036,Rock
676697,Ambient
676970,Gospel & Religious
677036,Rock
677022,Jazz
677038,Electronic
677036,Rock
677003,Soundtrack
677036,Rock
677036,Rock
677036,Rock
676934,Other
677027,Hip-Hop
677038,Electronic
677017,Reggae
667632,Digital Hardcore
187773,Francais Contemporary
677003,Soundtrack
677032,R&B
677022,Jazz
677036,Rock
677036,Rock
676986,Pop
676760,Easy Listening
677036,Rock
676993,Christmas
677036,Rock
677031,Country
677036,Rock
676697,Ambient
677036,Rock
676981,Unclassifiable
676986,Pop
677038,Electronic
677036,Rock
676970,Gospel & Religious
286553,R&B, Funk, Soul, Disco, Old School, Pop
677017,Reggae
676986,Pop
653531,iskelmä
677036,Rock
677036,Rock
677036,Rock
677027,Hip-Hop
677036,Rock
676986,Pop
677036,Rock
677031,Country
677036,Rock
677029,Latin
677036,Rock
676988,World
675544,zouk
677036,Rock
677036,Rock
677003,Soundtrack
677036,Rock
663083,Infantil
677036,Rock
677017,Reggae
677036,Rock
676438,Dubstep
677038,Electronic
677032,R&B
677036,Rock
677036,Rock
677036,Rock
677036,Rock
677034,Electronica/Dance
677036,Rock
676986,Pop
677036,Rock
677036,Rock
677029,Latin
677022,Jazz
677036,Rock
677029,Latin
677017,Reggae
677036,Rock
677036,Rock
676970,Gospel & Religious
677022,Jazz
676891,Hardcore
677036,Rock
677027,Hip-Hop
677036,Rock
676986,Pop
677029,Latin
676962,gospel
677034,Electronica/Dance
676581,Comedy
677029,Latin
677036,Rock
660251,Bahamian
677022,Jazz
677036,Rock
676988,World
677027,Hip-Hop
677038,Electronic
677036,Rock
592807,Modern
677017,Reggae
677029,Latin
677032,R&B
677036,Rock
677029,Latin
677027,Hip-Hop
677029,Latin
677036,Rock
677031,Country
677036,Rock
677038,Electronic
677038,Electronic
676970,Gospel & Religious
676992,Trance
677036,Rock
673991,Instrumental
677027,Hip-Hop
677036,Rock
676760,Easy Listening
677003,Soundtrack
677036,Rock
677027,Hip-Hop
677036,Rock
677038,Electronic
677036,Rock
676934,Other
677036,Rock
677036,Rock
677036,Rock
677036,Rock
677022,Jazz
677036,Rock
677022,Jazz
677036,Rock
676988,World
672132,Pop Swedish
677022,Jazz
677022,Jazz
676986,Pop
677031,Country
676970,Gospel & Religious
677017,Reggae
677022,Jazz
677036,Rock
677036,Rock
677027,Hip-Hop
677036,Rock
677036,Rock
677036,Rock
677035,New Age
677038,Electronic
673320,General Unclassifiable
677003,Soundtrack
677036,Rock
677031,Country
677017,Reggae
677036,Rock
677027,Hip-Hop
677036,Rock
675077,MPB
677027,Hip-Hop
677036,Rock
652027,Acid
677038,Electronic
677036,Rock
676988,World
677038,Electronic
677036,Rock
677036,Rock
677036,Rock
677036,Rock
677036,Rock
677038,Electronic
677036,Rock
677003,Soundtrack
677036,Rock
677038,Electronic
555524,Valse Musette
676981,Unclassifiable
677022,Jazz
677022,Jazz
676986,Pop
677038,Electronic
676804,Classical
677036,Rock
677035,New Age
677029,Latin
676986,Pop
677036,Rock
677036,Rock
677017,Reggae
677036,Rock
677003,Soundtrack
676986,Pop
676804,Classical
677036,Rock
677036,Rock
677031,Country
676993,Christmas
677014,Dance
677025,Folk
677036,Rock
677036,Rock
677036,Rock
677036,Rock
677036,Rock
676986,Pop
677036,Rock
677036,Rock
677036,Rock
677036,Rock
677036,Rock
677003,Soundtrack
677032,R&B
677036,Rock
677036,Rock
676986,Pop
593595,Minimal Synth
676986,Pop
677032,R&B
677036,Rock
659070,Chill Out
677034,Electronica/Dance
676988,World
677036,Rock
677036,Rock
677036,Rock
677027,Hip-Hop
6239,Club & Party Music
6252,Zilipendwa
677022,Jazz
676626,Southern Gospel
677027,Hip-Hop
677017,Reggae
677036,Rock
677022,Jazz
677036,Rock
677027,Hip-Hop
676986,Pop
677036,Rock
677031,Country
677014,Dance
677036,Rock
677036,Rock
677022,Jazz
676988,World
677036,Rock
676934,Other
677022,Jazz
676993,Christmas
677035,New Age
677031,Country
677036,Rock
677036,Rock
677038,Electronic
676970,Gospel & Religious
677032,R&B
677029,Latin
677036,Rock
677017,Reggae
677036,Rock
677036,Rock
677036,Rock
656612,hip-hop de
677031,Country
677022,Jazz
676970,Gospel & Religious
676986,Pop
677038,Electronic
677036,Rock
656129,iTunes Latino
677038,Electronic
677036,Rock
677031,Country
675333,Latin & World Jazz
677037,House
677036,Rock
677038,Electronic
676988,World
677036,Rock
677036,Rock
677027,Hip-Hop
677036,Rock
677036,Rock
677031,Country
677036,Rock
677014,Dance
677036,Rock
676993,Christmas
677029,Latin
677036,Rock
676970,Gospel & Religious
675544,zouk
677036,Rock
677036,Rock
677029,Latin
676697,Ambient
677032,R&B
673991,Instrumental
677036,Rock
677036,Rock
677003,Soundtrack
677036,Rock
677031,Country
677014,Dance
677032,R&B
677025,Folk
677036,Rock
677036,Rock
677036,Rock
677031,Country
398550,R&B Funk Soul
676988,World
677031,Country
677036,Rock
677036,Rock
676986,Pop
677017,Reggae
677022,Jazz
677036,Rock
675238,Viking Metal
677003,Soundtrack
677017,Reggae
677036,Rock
677036,Rock
677029,Latin
677029,Latin
676986,Pop
676986,Pop
676970,Gospel & Religious
677025,Folk
677029,Latin
677027,Hip-Hop
677036,Rock
677022,Jazz
677032,R&B
677035,New Age
677003,Soundtrack
676970,Gospel & Religious
677029,Latin
677027,Hip-Hop
677036,Rock
677036,Rock
677036,Rock
677036,Rock
677014,Dance
677036,Rock
677036,Rock
677022,Jazz
675544,zouk
677036,Rock
677036,Rock
677036,Rock
676962,gospel
676316,Lo-Fi
677036,Rock
676581,Comedy
677025,Folk
676986,Pop
677036,Rock
677036,Rock
677003,Soundtrack
677038,Electronic
677038,Electronic
677022,Jazz
677027,Hip-Hop
677022,Jazz
677035,New Age
677003,Soundtrack
677036,Rock
677036,Rock
677036,Rock
677036,Rock
676891,Hardcore
677036,Rock
677017,Reggae
676986,Pop
677035,New Age
675077,MPB
677036,Rock
677017,Reggae
677036,Rock
677025,Folk
677027,Hip-Hop
677036,Rock
677036,Rock
677031,Country
677031,Country
677036,Rock
677038,Electronic
676970,Gospel & Religious
677027,Hip-Hop
677022,Jazz
677036,Rock
677027,Hip-Hop
677027,Hip-Hop
676804,Classical
677032,R&B
677035,New Age
677036,Rock
677029,Latin
677036,Rock
677032,R&B
677032,R&B
677027,Hip-Hop
677025,Folk
676986,Pop
677036,Rock
677032,R&B
677022,Jazz
677036,Rock
677036,Rock
677036,Rock
677036,Rock
677036,Rock
677036,Rock
672663,Acapella
677031,Country
677036,Rock
677036,Rock
676970,Gospel & Religious
676804,Classical
677036,Rock
677014,Dance
677036,Rock
677036,Rock
676986,Pop
677036,Rock
677017,Reggae
676986,Pop
677036,Rock
677036,Rock
677032,R&B
651041,Latin Folk
677017,Reggae
677038,Electronic
676970,Gospel & Religious
677017,Reggae
676986,Pop
677027,Hip-Hop
677036,Rock
677027,Hip-Hop
677036,Rock
677003,Soundtrack
677036,Rock
677017,Reggae
677038,Electronic
676988,World
677029,Latin
677022,Jazz
677031,Country
677036,Rock
677036,Rock
677036,Rock
676934,Other
677036,Rock
677034,Electronica/Dance
677031,Country
676970,Gospel & Religious
677036,Rock
677036,Rock
676581,Comedy
676992,Trance
677027,Hip-Hop
677036,Rock
677003,Soundtrack
677029,Latin
677036,Rock
677036,Rock
677036,Rock
677038,Electronic
677036,Rock
677003,Soundtrack
677027,Hip-Hop
677036,Rock
677032,R&B
677036,Rock
677036,Rock
677003,Soundtrack
676988,World
676986,Pop
576489,Classical: Choral
676962,gospel
677036,Rock
677017,Reggae
677022,Jazz
677036,Rock
677031,Country
677003,Soundtrack
677038,Electronic
676986,Pop
677036,Rock
677022,Jazz
677036,Rock
677036,Rock
677036,Rock
677036,Rock
677029,Latin
677025,Folk
676986,Pop
677036,Rock
677027,Hip-Hop
677029,Latin
677038,Electronic
677036,Rock
676986,Pop
677036,Rock
677022,Jazz
677036,Rock
676438,Dubstep
676986,Pop
677036,Rock
676986,Pop
677036,Rock
676970,Gospel & Religious
676915,Drum & Bass
676986,Pop
677036,Rock
677029,Latin
677029,Latin
7765,Christian: Southern Gospel
677036,Rock
677036,Rock
677038,Electronic
676970,Gospel & Religious
522512,Lounge Normal
677029,Latin
667632,Digital Hardcore
677003,Soundtrack
677036,Rock
214093,tripop
677022,Jazz
676581,Comedy
676986,Pop
676986,Pop
677036,Rock
677031,Country
663933,Electro/Dubstep
677036,Rock
676970,Gospel & Religious
677036,Rock
677017,Reggae
677036,Rock
677036,Rock
518803,Cameroun Local
677031,Country
677029,Latin
677036,Rock
677031,Country
677036,Rock
677017,Reggae
676988,World
676986,Pop
676915,Drum & Bass
677037,House
676740,Bhangra
677029,Latin
677036,Rock
676581,Comedy
677036,Rock
676993,Christmas
677032,R&B
668580,Country Gospel
677036,Rock
677022,Jazz
677029,Latin
677036,Rock
677034,Electronica/Dance
677014,Dance
676981,Unclassifiable
677036,Rock
677027,Hip-Hop
676986,Pop
676970,Gospel & Religious
676581,Comedy
677035,New Age
677031,Country
676993,Christmas
677038,Electronic
677029,Latin
677022,Jazz
677038,Electronic
677017,Reggae
677025,Folk
677022,Jazz
677017,Reggae
677036,Rock
677003,Soundtrack
677017,Reggae
677031,Country
677036,Rock
677036,Rock
677031,Country
677036,Rock
676581,Comedy
677031,Country
677036,Rock
677027,Hip-Hop
677027,Hip-Hop
677035,New Age
676934,Other
677036,Rock
677036,Rock
677032,R&B
677017,Reggae
677036,Rock
676891,Hardcore
677036,Rock
677031,Country
677036,Rock
677036,Rock
677036,Rock
677032,R&B
676915,Drum & Bass
677036,Rock
677036,Rock
677036,Rock
677036,Rock
677027,Hip-Hop
677036,Rock
677036,Rock
677036,Rock
677022,Jazz
677036,Rock
676986,Pop
677036,Rock
677036,Rock
677029,Latin
677036,Rock
677036,Rock
676986,Pop
677036,Rock
677027,Hip-Hop
677027,Hip-Hop
677017,Reggae
676993,Christmas
677034,Electronica/Dance
677029,Latin
677036,Rock
677036,Rock
676988,World
676970,Gospel & Religious
677036,Rock
677032,R&B
677017,Reggae
676760,Easy Listening
677036,Rock
677027,Hip-Hop
677036,Rock
677025,Folk
677036,Rock
677036,Rock
676962,gospel
677036,Rock
677036,Rock
677036,Rock
676962,gospel
677031,Country
677027,Hip-Hop
677036,Rock
677036,Rock
677017,Reggae
677036,Rock
677022,Jazz
677036,Rock
676760,Easy Listening
677036,Rock
677036,Rock
677022,Jazz
677029,Latin
676988,World
676970,Gospel & Religious
677027,Hip-Hop
677036,Rock
677031,Country
652304,Hymn
677038,Electronic
676986,Pop
677036,Rock
677029,Latin
677036,Rock
677029,Latin
677036,Rock
676986,Pop
664463,Juke Remixes
677036,Rock
677032,R&B
677017,Reggae
677036,Rock
677036,Rock
676988,World
677031,Country
677034,Electronica/Dance
677029,Latin
676970,Gospel & Religious
677034,Electronica/Dance
677003,Soundtrack
677036,Rock
677036,Rock
677036,Rock
677032,R&B
677036,Rock
677036,Rock
677036,Rock
677036,Rock
677022,Jazz
676986,Pop
677031,Country
677036,Rock
676934,Other
677038,Electronic
677027,Hip-Hop
676986,Pop
677003,Soundtrack
677017,Reggae
677025,Folk
677032,R&B
677036,Rock
677036,Rock
677017,Reggae
677036,Rock
677022,Jazz
677025,Folk
676986,Pop
677036,Rock
676986,Pop
650285,Norteñas
676986,Pop
677036,Rock
677036,Rock
677036,Rock
677027,Hip-Hop
676986,Pop
675544,zouk
677036,Rock
677036,Rock
677027,Hip-Hop
677036,Rock
677027,Hip-Hop
677038,Electronic
677027,Hip-Hop
677025,Folk
677027,Hip-Hop
676986,Pop
677032,R&B
677036,Rock
677036,Rock
677022,Jazz
677029,Latin
676962,gospel
677036,Rock
677036,Rock
677022,Jazz
677022,Jazz
677003,Soundtrack
677003,Soundtrack
677027,Hip-Hop
677036,Rock
677036,Rock
676993,Christmas
677003,Soundtrack
677025,Folk
677031,Country
677027,Hip-Hop
677032,R&B
677032,R&B
677035,New Age
676581,Comedy
677036,Rock
677032,R&B
677022,Jazz
676986,Pop
677025,Folk
677017,Reggae
677022,Jazz
677036,Rock
677036,Rock
677038,Electronic
677032,R&B
677027,Hip-Hop
676988,World
677038,Electronic
663270,Folk/Melodic Death Metal
677017,Reggae
677036,Rock
677017,Reggae
677036,Rock
677036,Rock
676962,gospel
677025,Folk
676986,Pop
677036,Rock
677027,Hip-Hop
677003,Soundtrack
676986,Pop
676804,Classical
677036,Rock
677036,Rock
677036,Rock
677022,Jazz
677014,Dance
677036,Rock
677034,Electronica/Dance
677036,Rock
677036,Rock
677036,Rock
677025,Folk
676626,Southern Gospel
677032,R&B
677032,R&B
677022,Jazz
677038,Electronic
676962,gospel
677003,Soundtrack
677029,Latin
677027,Hip-Hop
677027,Hip-Hop
677036,Rock
677036,Rock
677017,Reggae
677036,Rock
677031,Country
676626,Southern Gospel
677017,Reggae
676740,Bhangra
677036,Rock
676970,Gospel & Religious
676581,Comedy
676988,World
671732,PunkNotProfit
677036,Rock
676581,Comedy
677022,Jazz
677036,Rock
677035,New Age
677003,Soundtrack
676986,Pop
677022,Jazz
677017,Reggae
677031,Country
677031,Country
644864,Québec Rétro
677014,Dance
676970,Gospel & Religious
676760,Easy Listening
677036,Rock
677032,R&B
677027,Hip-Hop
676970,Gospel & Religious
677027,Hip-Hop
677022,Jazz
677038,Electronic
672333,Persian
677027,Hip-Hop
676986,Pop
677036,Rock
677031,Country
677036,Rock
676993,Christmas
677003,Soundtrack
677022,Jazz
677027,Hip-Hop
677036,Rock
676970,Gospel & Religious
677038,Electronic
676988,World
677036,Rock
676986,Pop
677036,Rock
677029,Latin
677036,Rock
677022,Jazz
677036,Rock
677029,Latin
677036,Rock
677036,Rock
677003,Soundtrack
677036,Rock
677036,Rock
677036,Rock
677017,Reggae
677036,Rock
677017,Reggae
676760,Easy Listening
677032,R&B
677031,Country
676988,World
677036,Rock
676970,Gospel & Religious
665841,Instrumentals
677036,Rock
676986,Pop
677036,Rock
485473,Girl Groups
677027,Hip-Hop
677036,Rock
677038,Electronic
677025,Folk
677036,Rock
677036,Rock
677022,Jazz
677029,Latin
677036,Rock
677027,Hip-Hop
677036,Rock
677027,Hip-Hop
677017,Reggae
677014,Dance
677031,Country
677027,Hip-Hop
677027,Hip-Hop
677036,Rock
677036,Rock
677036,Rock
676988,World
677036,Rock
677022,Jazz
677022,Jazz
677037,House
676970,Gospel & Religious
677022,Jazz
677036,Rock
677036,Rock
677029,Latin
677036,Rock
677036,Rock
677036,Rock
677031,Country
677029,Latin
677022,Jazz
677036,Rock
677036,Rock
676925,Children's Music
677038,Electronic
486595,Adult Comedy
677036,Rock
677036,Rock
677036,Rock
677036,Rock
676962,gospel
677036,Rock
677036,Rock
676993,Christmas
677036,Rock
677036,Rock
673991,Instrumental
677036,Rock
676986,Pop
677027,Hip-Hop
677036,Rock
677003,Soundtrack
677036,Rock
677036,Rock
677003,Soundtrack
677036,Rock
677014,Dance
677032,R&B
677036,Rock
10018,Rock; New Wave; Pop Rock; Pop Punk
677027,Hip-Hop
677038,Electronic
677036,Rock
677032,R&B
677036,Rock
677017,Reggae
677025,Folk
677036,Rock
677036,Rock
677036,Rock
676581,Comedy
676986,Pop
676986,Pop
677031,Country
677027,Hip-Hop
677031,Country
676986,Pop
677036,Rock
677036,Rock
677032,R&B
677034,Electronica/Dance
677027,Hip-Hop
677036,Rock
10144,WCS - Blues
677017,Reggae
677036,Rock
677003,Soundtrack
676962,gospel
677036,Rock
435531,Christian Hip-Hop/Rap
677017,Reggae
677035,New Age
677032,R&B
677031,Country
676915,Drum & Bass
676891,Hardcore
676986,Pop
677037,House
677036,Rock
677036,Rock
677034,Electronica/Dance
676986,Pop
676970,Gospel & Religious
677031,Country
677036,Rock
677036,Rock
677036,Rock
677036,Rock
677036,Rock
677017,Reggae
676970,Gospel & Religious
677035,New Age
677003,Soundtrack
676986,Pop
664683,Classic Rock / Folk / Acoustic
677027,Hip-Hop
677022,Jazz
676993,Christmas
676986,Pop
632056,World::Celtic::Irish Celtic
677036,Rock
677036,Rock
677036,Rock
677036,Rock
677031,Country
677036,Rock
677036,Rock
677022,Jazz
676988,World
677036,Rock
677017,Reggae
677036,Rock
675544,zouk
677036,Rock
676986,Pop
677017,Reggae
677031,Country
676986,Pop
677036,Rock
676986,Pop
677035,New Age
676970,Gospel & Religious
677029,Latin
677036,Rock
677027,Hip-Hop
677022,Jazz
677032,R&B
677029,Latin
677036,Rock
676970,Gospel & Religious
677029,Latin
677017,Reggae
677038,Electronic
540301,Avantgarde/Experimental
676986,Pop
677022,Jazz
677038,Electronic
677022,Jazz
676986,Pop
677036,Rock
677029,Latin
677031,Country
677036,Rock
677017,Reggae
677017,Reggae
677029,Latin
677029,Latin
677017,Reggae
677036,Rock
675077,MPB
676986,Pop
677017,Reggae
677036,Rock
677036,Rock
677036,Rock
677029,Latin
677027,Hip-Hop
677032,R&B
677036,Rock
677036,Rock
677025,Folk
677035,New Age
676970,Gospel & Religious
677036,Rock
677036,Rock
677036,Rock
677003,Soundtrack
677022,Jazz
676986,Pop
677036,Rock
677027,Hip-Hop
677036,Rock
677036,Rock
677022,Jazz
676986,Pop
676988,World
676970,Gospel & Religious
677027,Hip-Hop
676986,Pop
677036,Rock
677038,Electronic
677036,Rock
677025,Folk
677036,Rock
677032,R&B
676574,Reggaeton
677037,House
677031,Country
620729,Hard Rock, Glam
676988,World
677029,Latin
677025,Folk
677036,Rock
677031,Country
677036,Rock
677022,Jazz
677017,Reggae
677027,Hip-Hop
677027,Hip-Hop
677031,Country
677036,Rock
676986,Pop
677031,Country
677034,Electronica/Dance
676986,Pop
677036,Rock
677003,Soundtrack
677036,Rock
677003,Soundtrack
677036,Rock
677036,Rock
677035,New Age
677036,Rock
677032,R&B
559231,Gospel country
677022,Jazz
676986,Pop
677036,Rock
677029,Latin
677036,Rock
677036,Rock
677036,Rock
677036,Rock
677036,Rock
677029,Latin
677027,Hip-Hop
676970,Gospel & Religious
676988,World
677017,Reggae
676970,Gospel & Religious
677003,Soundtrack
677003,Soundtrack
676986,Pop
677003,Soundtrack
677027,Hip-Hop
677027,Hip-Hop
677036,Rock
677014,Dance
676992,Trance
677027,Hip-Hop
677032,R&B
677036,Rock
677029,Latin
677031,Country
676986,Pop
677027,Hip-Hop
676986,Pop
677038,Electronic
677036,Rock
677032,R&B
676986,Pop
677032,R&B
676986,Pop
677038,Electronic
646014,Tango Nouveau
677029,Latin
647190,Francophone
676986,Pop
677017,Reggae
676988,World
677036,Rock
677036,Rock
677036,Rock
677036,Rock
515523,Eletronic
677027,Hip-Hop
677031,Country
677036,Rock
677036,Rock
677003,Soundtrack
677031,Country
677031,Country
676804,Classical
677017,Reggae
677036,Rock
676891,Hardcore
677022,Jazz
676962,gospel
522512,Lounge Normal
677036,Rock
676986,Pop
677032,R&B
677036,Rock
677036,Rock
677036,Rock
677035,New Age
677036,Rock
613997,Celtic - Irish Folk
677036,Rock
677029,Latin
676993,Christmas
677036,Rock
677036,Rock
677017,Reggae
676970,Gospel & Religious
676988,World
677022,Jazz
677036,Rock
677036,Rock
677022,Jazz
677017,Reggae
677036,Rock
677022,Jazz
677022,Jazz
677036,Rock
677027,Hip-Hop
677031,Country
677034,Electronica/Dance
677036,Rock
11502,LIFTING
677036,Rock
676804,Classical
677036,Rock
677036,Rock
677036,Rock
677036,Rock
676986,Pop
677031,Country
677027,Hip-Hop
677017,Reggae
677031,Country
677036,Rock
677036,Rock
677029,Latin
677003,Soundtrack
677017,Reggae
677036,Rock
677031,Country
677036,Rock
677036,Rock
676666,Books & Spoken
677031,Country
672232,Semba
677038,Electronic
676581,Comedy
663083,Infantil
677017,Reggae
677036,Rock
677031,Country
677022,Jazz
676891,Hardcore
676891,Hardcore
677014,Dance
676986,Pop
677031,Country
677036,Rock
677035,New Age
677036,Rock
677034,Electronica/Dance
677036,Rock
676986,Pop
677036,Rock
677036,Rock
677014,Dance
677032,R&B
677025,Folk
677032,R&B
677036,Rock
676949,Techno
677022,Jazz
677022,Jazz
677031,Country
677036,Rock
677036,Rock
677027,Hip-Hop
677036,Rock
676925,Children's Music
677036,Rock
522247,afrozouk
676988,World
676986,Pop
677036,Rock
677022,Jazz
677036,Rock
677036,Rock
677036,Rock
676986,Pop
677036,Rock
677036,Rock
677036,Rock
677027,Hip-Hop
677036,Rock
676697,Ambient
676986,Pop
677022,Jazz
677027,Hip-Hop
677032,R&B
676988,World
677003,Soundtrack
11936,Progressive-House,Breaks,Progressive-Trance
677031,Country
677038,Electronic
677036,Rock
677014,Dance
677036,Rock
677017,Reggae
677022,Jazz
677036,Rock
677029,Latin
677022,Jazz
677036,Rock
677025,Folk
485177,Folklore Argentino
676438,Dubstep
676986,Pop
677036,Rock
676986,Pop
676986,Pop
677036,Rock
676438,Dubstep
677022,Jazz
677022,Jazz
676760,Easy Listening
677036,Rock
677036,Rock
411310,Christmas-Country
676970,Gospel & Religious
677032,R&B
677036,Rock
462536,Rhythm And Blues
676986,Pop
677036,Rock
676986,Pop
676970,Gospel & Religious
677036,Rock
677036,Rock
677036,Rock
677031,Country
677036,Rock
677017,Reggae
677022,Jazz
667632,Digital Hardcore
677014,Dance
620007,Otro pop mexicano
677031,Country
677027,Hip-Hop
677036,Rock
676992,Trance
677036,Rock
677017,Reggae
676697,Ambient
677027,Hip-Hop
677031,Country
676438,Dubstep
676740,Bhangra
677035,New Age
676891,Hardcore
677027,Hip-Hop
677036,Rock
677036,Rock
676986,Pop
676988,World
677036,Rock
677027,Hip-Hop
677036,Rock
677017,Reggae
676915,Drum & Bass
677036,Rock
677036,Rock
677031,Country
677038,Electronic
677032,R&B
677003,Soundtrack
677003,Soundtrack
677022,Jazz
676986,Pop
677036,Rock
677036,Rock
677036,Rock
677036,Rock
677036,Rock
677036,Rock
676962,gospel
677027,Hip-Hop
676986,Pop
677027,Hip-Hop
677036,Rock
677022,Jazz
500184,NEW MPB
676970,Gospel & Religious
676986,Pop
677036,Rock
676986,Pop
677031,Country
677036,Rock
677029,Latin
677025,Folk
677036,Rock
676970,Gospel & Religious
677027,Hip-Hop
676804,Classical
677027,Hip-Hop
677017,Reggae
677031,Country
676804,Classical
677032,R&B
676626,Southern Gospel
677036,Rock
673332,Crunk Core
677003,Soundtrack
677036,Rock
677027,Hip-Hop
677027,Hip-Hop
677017,Reggae
674180,Flamenco
676970,Gospel & Religious
649163,New Age/Classical
676986,Pop
677036,Rock
677031,Country
677034,Electronica/Dance
677036,Rock
676992,Trance
676760,Easy Listening
653767,Black/Death Metal
677031,Country
677032,R&B
677017,Reggae
677031,Country
676438,Dubstep
677036,Rock
676986,Pop
677036,Rock
677017,Reggae
677022,Jazz
631649,Brazilian Folk & Traditional
677029,Latin
677032,R&B
677029,Latin
677036,Rock
677038,Electronic
677025,Folk
676697,Ambient
677036,Rock
676934,Other
677003,Soundtrack
677029,Latin
677036,Rock
677036,Rock
677036,Rock
677022,Jazz
676970,Gospel & Religious
677022,Jazz
676970,Gospel & Religious
677027,Hip-Hop
677036,Rock
677036,Rock
677017,Reggae
677032,R&B
677022,Jazz
677036,Rock
677036,Rock
677036,Rock
676666,Books & Spoken
677036,Rock
676986,Pop
677022,Jazz
677031,Country
677036,Rock
677036,Rock
619688,Turkish Music
677036,Rock
677034,Electronica/Dance
677036,Rock
677027,Hip-Hop
677036,Rock
677036,Rock
677036,Rock
677036,Rock
677036,Rock
677036,Rock
677027,Hip-Hop
676949,Techno
677036,Rock
677027,Hip-Hop
677036,Rock
494455,( E )
677036,Rock
677027,Hip-Hop
677036,Rock
677034,Electronica/Dance
671403,Rumba
677036,Rock
676925,Children's Music
677036,Rock
677025,Folk
676626,Southern Gospel
677036,Rock
677036,Rock
676949,Techno
677036,Rock
677036,Rock
677036,Rock
677036,Rock
676970,Gospel & Religious
677034,Electronica/Dance
675022,Lounge
677029,Latin
677036,Rock
676740,Bhangra
677027,Hip-Hop
677036,Rock
677017,Reggae
677022,Jazz
677036,Rock
677003,Soundtrack
677029,Latin
676760,Easy Listening
677022,Jazz
673991,Instrumental
677038,Electronic
677017,Reggae
676091,Folklore
677036,Rock
677036,Rock
677032,R&B
677036,Rock
677036,Rock
677036,Rock
677036,Rock
676988,World
677003,Soundtrack
677027,Hip-Hop
677036,Rock
676986,Pop
677038,Electronic
677036,Rock
677017,Reggae
677036,Rock
647190,Francophone
677027,Hip-Hop
677029,Latin
677029,Latin
677031,Country
677036,Rock
677036,Rock
677031,Country
677029,Latin
677036,Rock
677029,Latin
676986,Pop
629365,90's Punk
677032,R&B
677014,Dance
677031,Country
676970,Gospel & Religious
677027,Hip-Hop
676986,Pop
663559,Hard trance
677036,Rock
677036,Rock
677025,Folk
677027,Hip-Hop
677036,Rock
676970,Gospel & Religious
677034,Electronica/Dance
677036,Rock
677022,Jazz
677036,Rock
677022,Jazz
677036,Rock
677029,Latin
677036,Rock
677032,R&B
675678,New Age; Lounge; Chillout; Ambient
677036,Rock
677036,Rock
677025,Folk
677029,Latin
677027,Hip-Hop
677032,R&B
677036,Rock
677036,Rock
677027,Hip-Hop
677017,Reggae
676804,Classical
677022,Jazz
677003,Soundtrack
677036,Rock
676988,World
677036,Rock
675077,MPB
676581,Comedy
677036,Rock
677022,Jazz
677036,Rock
676986,Pop
677022,Jazz
677036,Rock
677036,Rock
677036,Rock
677022,Jazz
676986,Pop
668397,Miscellaneous
677036,Rock
677036,Rock
677036,Rock
677027,Hip-Hop
677036,Rock
664463,Juke Remixes
677025,Folk
677031,Country
677036,Rock
677003,Soundtrack
676760,Easy Listening
677036,Rock
677029,Latin
677032,R&B
677017,Reggae
677036,Rock
677032,R&B
677036,Rock
677022,Jazz
677038,Electronic
677036,Rock
677022,Jazz
676986,Pop
677029,Latin
677003,Soundtrack
677036,Rock
677036,Rock
677022,Jazz
676804,Classical
676970,Gospel & Religious
677032,R&B
677029,Latin
676970,Gospel & Religious
677036,Rock
39810,Gospel - Female
677031,Country
677038,Electronic
677037,House
676992,Trance
677038,Electronic
676970,Gospel & Religious
677022,Jazz
676986,Pop
677027,Hip-Hop
677031,Country
677036,Rock
676990,Bachata
677025,Folk
676986,Pop
677027,Hip-Hop
677003,Soundtrack
677036,Rock
677029,Latin
677036,Rock
677022,Jazz
677036,Rock
677027,Hip-Hop
676986,Pop
677038,Electronic
677036,Rock
677017,Reggae
677029,Latin
677036,Rock
677036,Rock
677029,Latin
676986,Pop
676970,Gospel & Religious
677036,Rock
676986,Pop
677031,Country
372564,Punk Argentino
675077,MPB
675077,MPB
677036,Rock
677029,Latin
676981,Unclassifiable
666930,Blackened Death Metal
677014,Dance
677036,Rock
677014,Dance
677036,Rock
677032,R&B
676986,Pop
677003,Soundtrack
676986,Pop
677014,Dance
629114,Indie Rock/Soft Rock
677036,Rock
676981,Unclassifiable
677036,Rock
677027,Hip-Hop
677036,Rock
677022,Jazz
677036,Rock
677027,Hip-Hop
677036,Rock
677017,Reggae
677027,Hip-Hop
677036,Rock
677036,Rock
677036,Rock
677027,Hip-Hop
677022,Jazz
677036,Rock
658657,Gaita
676970,Gospel & Religious
677003,Soundtrack
677036,Rock
677036,Rock
677036,Rock
677036,Rock
677031,Country
677036,Rock
677036,Rock
676988,World
676986,Pop
677036,Rock
677036,Rock
677034,Electronica/Dance
677031,Country
677027,Hip-Hop
677036,Rock
677036,Rock
677032,R&B
677027,Hip-Hop
677036,Rock
677036,Rock
677036,Rock
677036,Rock
676992,Trance
677032,R&B
677031,Country
676891,Hardcore
677031,Country
677036,Rock
677036,Rock
677036,Rock
677036,Rock
677038,Electronic
676581,Comedy
677017,Reggae
677036,Rock
676986,Pop
676988,World
676986,Pop
677022,Jazz
519253,Jul
677031,Country
676697,Ambient
677035,New Age
677036,Rock
677029,Latin
676970,Gospel & Religious
677036,Rock
677031,Country
561616,Funk Soul
677036,Rock
677027,Hip-Hop
677017,Reggae
677031,Country
677032,R&B
676581,Comedy
677027,Hip-Hop
677014,Dance
677031,Country
677036,Rock
677032,R&B
677036,Rock
677022,Jazz
677022,Jazz
677031,Country
677029,Latin
677036,Rock
677003,Soundtrack
676986,Pop
676986,Pop
677014,Dance
677029,Latin
677036,Rock
677036,Rock
677014,Dance
677036,Rock
676760,Easy Listening
677031,Country
676804,Classical
676986,Pop
677036,Rock
677036,Rock
677036,Rock
677036,Rock
677036,Rock
677036,Rock
677036,Rock
676988,World
677038,Electronic
677036,Rock
677036,Rock
677017,Reggae
676986,Pop
677036,Rock
677036,Rock
677017,Reggae
676986,Pop
677034,Electronica/Dance
676740,Bhangra
677036,Rock
676891,Hardcore
677036,Rock
677035,New Age
677036,Rock
677017,Reggae
677027,Hip-Hop
677036,Rock
676986,Pop
676988,World
677003,Soundtrack
677036,Rock
677032,R&B
677022,Jazz
677027,Hip-Hop
677036,Rock
677027,Hip-Hop
677035,New Age
677027,Hip-Hop
677036,Rock
677022,Jazz
677036,Rock
677035,New Age
677036,Rock
677017,Reggae
677036,Rock
677032,R&B
677029,Latin
677027,Hip-Hop
676316,Lo-Fi
676804,Classical
677036,Rock
676986,Pop
677036,Rock
677036,Rock
676986,Pop
677036,Rock
677017,Reggae
677003,Soundtrack
677036,Rock
677036,Rock
676993,Christmas
677036,Rock
677029,Latin
676986,Pop
677022,Jazz
677027,Hip-Hop
677036,Rock
677029,Latin
677027,Hip-Hop
677029,Latin
677038,Electronic
677027,Hip-Hop
677031,Country
676986,Pop
677022,Jazz
677036,Rock
677036,Rock
665841,Instrumentals
677027,Hip-Hop
677022,Jazz
677036,Rock
670725,Juke
677031,Country
677031,Country
677031,Country
676925,Children's Music
677036,Rock
657358,Samples
677036,Rock
677036,Rock
676656,Metal:Death
676986,Pop
676988,World
653666,Hip Hop/Rap 2
677036,Rock
630699,Other Traditions
677017,Reggae
676988,World
677038,Electronic
677036,Rock
677036,Rock
677036,Rock
676986,Pop
677027,Hip-Hop
677031,Country
677036,Rock
677036,Rock
677036,Rock
676986,Pop
677027,Hip-Hop
677022,Jazz
676988,World
676970,Gospel & Religious
677029,Latin
677036,Rock
677036,Rock
677036,Rock
677035,New Age
677032,R&B
676970,Gospel & Religious
677038,Electronic
677022,Jazz
677031,Country
677036,Rock
677032,R&B
677032,R&B
676760,Easy Listening
676438,Dubstep
677032,R&B
677036,Rock
671893,Soukous
677036,Rock
677022,Jazz
677036,Rock
676986,Pop
223573,Norteqo
677036,Rock
677022,Jazz
677036,Rock
676986,Pop
677022,Jazz
677031,Country
676760,Easy Listening
677029,Latin
676962,gospel
677036,Rock
676986,Pop
677031,Country
677032,R&B
677036,Rock
676986,Pop
677036,Rock
677038,Electronic
676986,Pop
677036,Rock
677027,Hip-Hop
677027,Hip-Hop
677022,Jazz
677017,Reggae
677029,Latin
677036,Rock
676986,Pop
677036,Rock
663083,Infantil
677032,R&B
677022,Jazz
677036,Rock
676970,Gospel & Religious
677036,Rock
677032,R&B
676438,Dubstep
677036,Rock
677031,Country
677036,Rock
677036,Rock
676993,Christmas
677036,Rock
677036,Rock
677036,Rock
676970,Gospel & Religious
677038,Electronic
676988,World
677017,Reggae
677035,New Age
677003,Soundtrack
677036,Rock
676986,Pop
676581,Comedy
677036,Rock
676986,Pop
676697,Ambient
677036,Rock
677036,Rock
676970,Gospel & Religious
677014,Dance
677036,Rock
677036,Rock
677036,Rock
677027,Hip-Hop
677036,Rock
677003,Soundtrack
676992,Trance
677036,Rock
676970,Gospel & Religious
677017,Reggae
676988,World
676986,Pop
677032,R&B
677031,Country
677036,Rock
677017,Reggae
677032,R&B
677036,Rock
677036,Rock
677017,Reggae
677036,Rock
677036,Rock
677017,Reggae
677036,Rock
15684,Gospel and religious
576489,Classical: Choral
676962,gospel
676986,Pop
677029,Latin
675077,MPB
677029,Latin
677014,Dance
677017,Reggae
677027,Hip-Hop
645460,Electro Acoustic
677025,Folk
677036,Rock
677036,Rock
677036,Rock
676988,World
677027,Hip-Hop
677036,Rock
677029,Latin
677032,R&B
677036,Rock
677017,Reggae
677036,Rock
677036,Rock
677014,Dance
677036,Rock
676993,Christmas
677034,Electronica/Dance
676986,Pop
677036,Rock
677032,R&B
676986,Pop
677036,Rock
677036,Rock
677036,Rock
677027,Hip-Hop
676988,World
677036,Rock
677036,Rock
676988,World
15890,135*BPM
677036,Rock
677027,Hip-Hop
677031,Country
677036,Rock
677031,Country
677036,Rock
677036,Rock
677036,Rock
677036,Rock
677003,Soundtrack
677027,Hip-Hop
677022,Jazz
677036,Rock
676986,Pop
676949,Techno
677014,Dance
677027,Hip-Hop
677036,Rock
676988,World
677003,Soundtrack
677036,Rock
433635,Fetenhits
676804,Classical
677036,Rock
677036,Rock
677036,Rock
677036,Rock
677031,Country
677036,Rock
677029,Latin
677031,Country
677031,Country
677036,Rock
16057,Band, Symphonic
677022,Jazz
677022,Jazz
665888,Suomi
677017,Reggae
677025,Folk
677036,Rock
677034,Electronica/Dance
676986,Pop
677036,Rock
677032,R&B
677025,Folk
677003,Soundtrack
677036,Rock
677038,Electronic
676970,Gospel & Religious
675022,Lounge
676581,Comedy
677036,Rock
670422,Show Tunes And Soundtracks
677029,Latin
677029,Latin
677036,Rock
676986,Pop
584440,Hardcore Underground Rap/Hip Hop/Horrorcore/Rock
677036,Rock
677036,Rock
677036,Rock
677036,Rock
676986,Pop
677038,Electronic
677036,Rock
677022,Jazz
677029,Latin
677036,Rock
677029,Latin
677036,Rock
677031,Country
677003,Soundtrack
665674,Ghettotech
677038,Electronic
659070,Chill Out
677017,Reggae
676934,Other
677036,Rock
677036,Rock
677003,Soundtrack
677036,Rock
677036,Rock
677032,R&B
661784,1Country
677032,R&B
677027,Hip-Hop
614792,Chiptune
677035,New Age
676986,Pop
677036,Rock
676760,Easy Listening
676970,Gospel & Religious
677036,Rock
677036,Rock
677025,Folk
676988,World
677027,Hip-Hop
677036,Rock
677036,Rock
676986,Pop
677036,Rock
677027,Hip-Hop
677036,Rock
677014,Dance
676891,Hardcore
677036,Rock
677036,Rock
676986,Pop
677017,Reggae
677027,Hip-Hop
676925,Children's Music
677025,Folk
677017,Reggae
677031,Country
677003,Soundtrack
677027,Hip-Hop
669425,Booty
677022,Jazz
676581,Comedy
676986,Pop
676626,Southern Gospel
677036,Rock
677036,Rock
677036,Rock
676804,Classical
676760,Easy Listening
677036,Rock
676993,Christmas
676986,Pop
676970,Gospel & Religious
677027,Hip-Hop
676992,Trance
677036,Rock
676970,Gospel & Religious
677036,Rock
676986,Pop
677036,Rock
677025,Folk
676986,Pop
677036,Rock
677036,Rock
677036,Rock
677036,Rock
677036,Rock
677036,Rock
676986,Pop
677025,Folk
676986,Pop
676986,Pop
677036,Rock
677014,Dance
677036,Rock
677017,Reggae
677032,R&B
677036,Rock
593595,Minimal Synth
677036,Rock
677036,Rock
677036,Rock
677036,Rock
675022,Lounge
676986,Pop
653109,Argentina
677031,Country
677027,Hip-Hop
676962,gospel
676986,Pop
677031,Country
677036,Rock
676970,Gospel & Religious
677036,Rock
676988,World
677027,Hip-Hop
677031,Country
677034,Electronica/Dance
677036,Rock
676986,Pop
429909,World-Congo
677036,Rock
677027,Hip-Hop
677036,Rock
677032,R&B
677036,Rock
677029,Latin
677031,Country
677017,Reggae
677027,Hip-Hop
677034,Electronica/Dance
677027,Hip-Hop
677029,Latin
677036,Rock
677038,Electronic
677036,Rock
677036,Rock
677022,Jazz
677036,Rock
677036,Rock
676970,Gospel & Religious
676986,Pop
676986,Pop
677036,Rock
677034,Electronica/Dance
677036,Rock
677036,Rock
676986,Pop
677017,Reggae
677036,Rock
677029,Latin
677035,New Age
676891,Hardcore
677036,Rock
677036,Rock
677022,Jazz
677036,Rock
677036,Rock
677014,Dance
677036,Rock
677036,Rock
677022,Jazz
676970,Gospel & Religious
677017,Reggae
677027,Hip-Hop
677036,Rock
677036,Rock
677036,Rock
676970,Gospel & Religious
677036,Rock
677027,Hip-Hop
677017,Reggae
676986,Pop
677029,Latin
674837,Greek
677036,Rock
677032,R&B
676986,Pop
677036,Rock
677036,Rock
677036,Rock
677025,Folk
676988,World
677003,Soundtrack
677036,Rock
676934,Other
677036,Rock
677036,Rock
677031,Country
677022,Jazz
677025,Folk
677036,Rock
677036,Rock
677036,Rock
677031,Country
677036,Rock
676891,Hardcore
677038,Electronic
676993,Christmas
677032,R&B
677014,Dance
677032,R&B
677038,Electronic
677032,R&B
676986,Pop
677036,Rock
677035,New Age
677032,R&B
677031,Country
677036,Rock
677017,Reggae
676986,Pop
677029,Latin
676574,Reggaeton
677027,Hip-Hop
677036,Rock
677029,Latin
677036,Rock
677025,Folk
676934,Other
676970,Gospel & Religious
677036,Rock
677031,Country
677036,Rock
677022,Jazz
677035,New Age
677036,Rock
677031,Country
677036,Rock
677022,Jazz
677027,Hip-Hop
676962,gospel
677036,Rock
677036,Rock
676891,Hardcore
677025,Folk
677036,Rock
677036,Rock
677036,Rock
677022,Jazz
677029,Latin
676988,World
677038,Electronic
677036,Rock
677036,Rock
676986,Pop
676986,Pop
677036,Rock
677003,Soundtrack
677003,Soundtrack
677036,Rock
677029,Latin
623884,Moog
677003,Soundtrack
677031,Country
665290,Gothic/Horror/Punk
677036,Rock
677036,Rock
677025,Folk
677032,R&B
677036,Rock
676962,gospel
677036,Rock
677038,Electronic
677027,Hip-Hop
677029,Latin
676986,Pop
676970,Gospel & Religious
677036,Rock
651899,Tributes
677038,Electronic
672082,Sextronic
676760,Easy Listening
677029,Latin
677036,Rock
677036,Rock
677017,Reggae
677027,Hip-Hop
676986,Pop
676986,Pop
677036,Rock
677036,Rock
676574,Reggaeton
677036,Rock
677027,Hip-Hop
677036,Rock
677017,Reggae
677036,Rock
677036,Rock
677036,Rock
677029,Latin
677036,Rock
676988,World
677036,Rock
676986,Pop
677036,Rock
677036,Rock
677036,Rock
675022,Lounge
677036,Rock
676581,Comedy
677036,Rock
676986,Pop
676970,Gospel & Religious
671893,Soukous
677036,Rock
677022,Jazz
677036,Rock
677036,Rock
676986,Pop
677027,Hip-Hop
676988,World
677036,Rock
676581,Comedy
677017,Reggae
676934,Other
676891,Hardcore
677036,Rock
677036,Rock
677031,Country
677014,Dance
677003,Soundtrack
677036,Rock
677032,R&B
677017,Reggae
676962,gospel
676949,Techno
677022,Jazz
677036,Rock
677038,Electronic
677036,Rock
653946,Διάφορα
677029,Latin
677036,Rock
677022,Jazz
677031,Country
677038,Electronic
677029,Latin
676804,Classical
677003,Soundtrack
677036,Rock
677031,Country
677036,Rock
677036,Rock
677017,Reggae
677031,Country
677036,Rock
677032,R&B
677032,R&B
677017,Reggae
677036,Rock
677017,Reggae
677036,Rock
677036,Rock
676986,Pop
670885,Crust/D-beat/Grind/Powerviolence
677036,Rock
676804,Classical
677036,Rock
676986,Pop
677036,Rock
676986,Pop
677003,Soundtrack
677017,Reggae
677036,Rock
676581,Comedy
677036,Rock
677036,Rock
677017,Reggae
677036,Rock
677036,Rock
676986,Pop
676986,Pop
677036,Rock
677031,Country
677036,Rock
677034,Electronica/Dance
677036,Rock
677027,Hip-Hop
677036,Rock
677038,Electronic
677036,Rock
676986,Pop
677027,Hip-Hop
677036,Rock
676988,World
664880,Country Blues
677036,Rock
677022,Jazz
677036,Rock
677036,Rock
677027,Hip-Hop
676986,Pop
677014,Dance
677036,Rock
677022,Jazz
677034,Electronica/Dance
677038,Electronic
677036,Rock
677036,Rock
485177,Folklore Argentino
677027,Hip-Hop
677003,Soundtrack
676988,World
646633,Spanish Traditional
677027,Hip-Hop
676986,Pop
654995,Ska/Latino
676986,Pop
677017,Reggae
676986,Pop
677017,Reggae
677036,Rock
677038,Electronic
605126,(Pending)
677017,Reggae
677037,House
677022,Jazz
677029,Latin
677034,Electronica/Dance
676804,Classical
677036,Rock
677017,Reggae
676986,Pop
677036,Rock
663083,Infantil
677036,Rock
677036,Rock
677036,Rock
677036,Rock
677022,Jazz
677027,Hip-Hop
677027,Hip-Hop
676438,Dubstep
677038,Electronic
677017,Reggae
677032,R&B
677036,Rock
651156,Pop; Cabaret
677027,Hip-Hop
677036,Rock
676986,Pop
677032,R&B
677036,Rock
677036,Rock
677036,Rock
677036,Rock
676988,World
676986,Pop
676970,Gospel & Religious
677036,Rock
676986,Pop
670718,Rock/Grunge
677036,Rock
676970,Gospel & Religious
677034,Electronica/Dance
677032,R&B
677022,Jazz
677025,Folk
676970,Gospel & Religious
677003,Soundtrack
677017,Reggae
677003,Soundtrack
677036,Rock
676760,Easy Listening
676925,Children's Music
676986,Pop
677036,Rock
677036,Rock
677036,Rock
676970,Gospel & Religious
677029,Latin
677036,Rock
674499,Grupero
677036,Rock
677036,Rock
677036,Rock
677032,R&B
677032,R&B
676993,Christmas
677036,Rock
677037,House
677029,Latin
677032,R&B
677017,Reggae
677036,Rock
650096,Electronic Dub
677034,Electronica/Dance
675077,MPB
677036,Rock
677031,Country
677027,Hip-Hop
677036,Rock
677022,Jazz
677036,Rock
677022,Jazz
677029,Latin
677017,Reggae
677029,Latin
676986,Pop
676697,Ambient
677036,Rock
677036,Rock
677036,Rock
677003,Soundtrack
677036,Rock
677036,Rock
676986,Pop
599390,Rock'n Pop
677031,Country
677038,Electronic
677003,Soundtrack
677036,Rock
677036,Rock
676970,Gospel & Religious
677014,Dance
677029,Latin
677036,Rock
677027,Hip-Hop
677036,Rock
677038,Electronic
677036,Rock
677036,Rock
677031,Country
676986,Pop
677036,Rock
677035,New Age
677036,Rock
677036,Rock
677036,Rock
677036,Rock
677036,Rock
677032,R&B
676986,Pop
677029,Latin
677017,Reggae
676986,Pop
676970,Gospel & Religious
613463,Varios
677031,Country
676986,Pop
677036,Rock
677036,Rock
677017,Reggae
677036,Rock
676986,Pop
677027,Hip-Hop
677003,Soundtrack
676970,Gospel & Religious
677031,Country
677029,Latin
677017,Reggae
677027,Hip-Hop
677036,Rock
676988,World
677036,Rock
677035,New Age
677029,Latin
677022,Jazz
676438,Dubstep
677036,Rock
677029,Latin
677017,Reggae
677035,New Age
677036,Rock
676986,Pop
677036,Rock
677014,Dance
677022,Jazz
677036,Rock
677036,Rock
677003,Soundtrack
677036,Rock
677032,R&B
677017,Reggae
676986,Pop
677034,Electronica/Dance
676970,Gospel & Religious
677017,Reggae
677036,Rock
677036,Rock
677036,Rock
677036,Rock
677031,Country
677034,Electronica/Dance
677038,Electronic
676993,Christmas
677022,Jazz
677036,Rock
677032,R&B
677036,Rock
676970,Gospel & Religious
677036,Rock
677036,Rock
677038,Electronic
677003,Soundtrack
677036,Rock
677025,Folk
676986,Pop
677036,Rock
657692,Kompa
677017,Reggae
676986,Pop
677029,Latin
677036,Rock
676970,Gospel & Religious
677022,Jazz
676891,Hardcore
677036,Rock
677029,Latin
676760,Easy Listening
676986,Pop
677036,Rock
677036,Rock
677017,Reggae
677036,Rock
677036,Rock
559231,Gospel country
677036,Rock
677036,Rock
677036,Rock
676986,Pop
677035,New Age
677036,Rock
677014,Dance
677036,Rock
677036,Rock
677031,Country
677036,Rock
677036,Rock
676988,World
677032,R&B
677038,Electronic
676891,Hardcore
677036,Rock
677036,Rock
677017,Reggae
676925,Children's Music
677038,Electronic
676314,Hit Singles
677036,Rock
677036,Rock
677036,Rock
676574,Reggaeton
676970,Gospel & Religious
677036,Rock
677036,Rock
677027,Hip-Hop
677036,Rock
677036,Rock
677036,Rock
676986,Pop
677034,Electronica/Dance
677029,Latin
677036,Rock
677029,Latin
676986,Pop
677027,Hip-Hop
676986,Pop
676986,Pop
677036,Rock
677031,Country
677022,Jazz
677036,Rock
677036,Rock
677031,Country
677031,Country
677029,Latin
677038,Electronic
677036,Rock
676986,Pop
677017,Reggae
677036,Rock
676988,World
677031,Country
677036,Rock
677036,Rock
677036,Rock
677036,Rock
677027,Hip-Hop
644864,Québec Rétro
677003,Soundtrack
676760,Easy Listening
675544,zouk
677036,Rock
677036,Rock
677036,Rock
677036,Rock
677017,Reggae
677017,Reggae
677027,Hip-Hop
677031,Country
677003,Soundtrack
677027,Hip-Hop
677022,Jazz
676970,Gospel & Religious
677036,Rock
677027,Hip-Hop
677014,Dance
677036,Rock
677032,R&B
677031,Country
670338,Baladas and Boleros
677025,Folk
559204,Chacha/salsa
677036,Rock
677032,R&B
677038,Electronic
676574,Reggaeton
677027,Hip-Hop
677036,Rock
677036,Rock
677025,Folk
677029,Latin
677036,Rock
670878,Chans. Française
677031,Country
677036,Rock
677031,Country
677029,Latin
677027,Hip-Hop
677036,Rock
677031,Country
676988,World
673991,Instrumental
676988,World
677036,Rock
677029,Latin
677036,Rock
677017,Reggae
676934,Other
677029,Latin
677036,Rock
675022,Lounge
677022,Jazz
676934,Other
676608,Samba
670185,Lasten
677036,Rock
676626,Southern Gospel
676993,Christmas
677036,Rock
677031,Country
677036,Rock
677025,Folk
677036,Rock
676915,Drum & Bass
677038,Electronic
677032,R&B
677003,Soundtrack
677017,Reggae
676986,Pop
677022,Jazz
677036,Rock
677036,Rock
676986,Pop
677027,Hip-Hop
676574,Reggaeton
676986,Pop
677036,Rock
677036,Rock
676988,World
676988,World
677017,Reggae
677036,Rock
676986,Pop
677014,Dance
677029,Latin
677022,Jazz
677036,Rock
677003,Soundtrack
676986,Pop
677031,Country
677036,Rock
677017,Reggae
677032,R&B
676988,World
663083,Infantil
677027,Hip-Hop
677032,R&B
677036,Rock
599561,Hip-Hop Commerciale
677038,Electronic
677032,R&B
677036,Rock
677029,Latin
677022,Jazz
676626,Southern Gospel
677031,Country
676970,Gospel & Religious
677036,Rock
676804,Classical
677029,Latin
677022,Jazz
677027,Hip-Hop
677036,Rock
677025,Folk
677031,Country
676438,Dubstep
655543,Electronica Fusion
677022,Jazz
676986,Pop
677017,Reggae
677022,Jazz
672232,Semba
677038,Electronic
677036,Rock
677027,Hip-Hop
677032,R&B
677038,Electronic
677017,Reggae
676970,Gospel & Religious
677038,Electronic
677036,Rock
619688,Turkish Music
677017,Reggae
677017,Reggae
677036,Rock
677036,Rock
677027,Hip-Hop
677036,Rock
677025,Folk
676988,World
677036,Rock
677027,Hip-Hop
677014,Dance
677031,Country
677038,Electronic
677036,Rock
676986,Pop
677022,Jazz
677027,Hip-Hop
677036,Rock
677027,Hip-Hop
677036,Rock
20681,Vinylmorpher
677036,Rock
677027,Hip-Hop
677036,Rock
677036,Rock
677032,R&B
676986,Pop
677036,Rock
677038,Electronic
677022,Jazz
676970,Gospel & Religious
677038,Electronic
677036,Rock
676986,Pop
677027,Hip-Hop
677036,Rock
677031,Country
677022,Jazz
676925,Children's Music
677036,Rock
677038,Electronic
677036,Rock
677036,Rock
677036,Rock
677036,Rock
676962,gospel
677022,Jazz
677036,Rock
677027,Hip-Hop
677036,Rock
677036,Rock
677036,Rock
677036,Rock
677036,Rock
677036,Rock
662000,World, Dance
677029,Latin
677031,Country
677017,Reggae
677022,Jazz
676986,Pop
677036,Rock
677036,Rock
677036,Rock
677036,Rock
677036,Rock
677036,Rock
677025,Folk
676970,Gospel & Religious
676316,Lo-Fi
677025,Folk
677036,Rock
677027,Hip-Hop
676970,Gospel & Religious
677036,Rock
677017,Reggae
677036,Rock
677036,Rock
676438,Dubstep
529597,Latin Psych Rock
677036,Rock
677036,Rock
677014,Dance
677036,Rock
676804,Classical
676970,Gospel & Religious
677036,Rock
677036,Rock
676986,Pop
676970,Gospel & Religious
677036,Rock
677025,Folk
677036,Rock
536756,Kategorien
667678,Data & Other
677027,Hip-Hop
677036,Rock
677036,Rock
676986,Pop
677038,Electronic
677029,Latin
677036,Rock
676934,Other
677031,Country
677003,Soundtrack
677003,Soundtrack
677031,Country
677031,Country
677029,Latin
676986,Pop
676697,Ambient
677032,R&B
677036,Rock
677031,Country
677036,Rock
677029,Latin
677027,Hip-Hop
677036,Rock
677036,Rock
676760,Easy Listening
677029,Latin
677029,Latin
677038,Electronic
677027,Hip-Hop
677038,Electronic
677031,Country
677034,Electronica/Dance
677031,Country
677025,Folk
677038,Electronic
676760,Easy Listening
677032,R&B
677027,Hip-Hop
677036,Rock
677036,Rock
677036,Rock
677032,R&B
677003,Soundtrack
676697,Ambient
676992,Trance
677029,Latin
677036,Rock
676986,Pop
677036,Rock
677036,Rock
677031,Country
677029,Latin
677036,Rock
677027,Hip-Hop
677036,Rock
677036,Rock
677036,Rock
677036,Rock
677036,Rock
676988,World
677036,Rock
677036,Rock
677038,Electronic
677036,Rock
677036,Rock
645807,Stones Throw
677036,Rock
677036,Rock
677036,Rock
677029,Latin
677031,Country
677036,Rock
676760,Easy Listening
677003,Soundtrack
677022,Jazz
632492,soul/smooth-soul
676986,Pop
676934,Other
677036,Rock
676988,World
253889,R'N'B US
677036,Rock
676581,Comedy
677038,Electronic
677036,Rock
677036,Rock
669624,Indus
676581,Comedy
676986,Pop
677036,Rock
676992,Trance
579011,Viking/Folk Metal
677014,Dance
659070,Chill Out
677036,Rock
677032,R&B
677036,Rock
677036,Rock
676988,World
676970,Gospel & Religious
677025,Folk
677029,Latin
677022,Jazz
677027,Hip-Hop
677036,Rock
677022,Jazz
677036,Rock
677031,Country
676986,Pop
677036,Rock
677022,Jazz
677022,Jazz
676988,World
676986,Pop
676986,Pop
677036,Rock
677036,Rock
677036,Rock
677003,Soundtrack
677031,Country
677031,Country
677036,Rock
656204,Celtic Parade
677003,Soundtrack
677022,Jazz
676581,Comedy
677036,Rock
677036,Rock
677029,Latin
677027,Hip-Hop
677003,Soundtrack
677031,Country
677029,Latin
677031,Country
677031,Country
677036,Rock
676986,Pop
648825,Honky-Tonk
677036,Rock
677027,Hip-Hop
677035,New Age
677022,Jazz
677003,Soundtrack
677032,R&B
677029,Latin
677003,Soundtrack
677036,Rock
677031,Country
677027,Hip-Hop
621303,Yoga Grooves
677038,Electronic
677036,Rock
677032,R&B
677029,Latin
677038,Electronic
677036,Rock
677032,R&B
677032,R&B
676970,Gospel & Religious
677027,Hip-Hop
677036,Rock
677036,Rock
676986,Pop
677027,Hip-Hop
677017,Reggae
677031,Country
677036,Rock
